# The official English names of this world's items (i) and monsters and NPCs (m),
# rendered by tools/generate_english_names.py - DO NOT EDIT, re-run it. Gameforge's
# English from the package's own locale pack, r40250's English tables for a
# vnum the pack lacks, each taken only where Gameforge's Polish of that vnum names
# what this world's proto names; this world's own items by hand (data/item_texts_en.tsv),
# and its own monsters and NPCs (data/mob_texts_en.tsv). A vnum not here is said in Polish.
# Lycan stones +0..+4 use the English wiki's name instead of the old Stupidity name.
#
# dumps/world.sql  sha256 eaccd9fb987cbd01
# package-en/item_names.txt  sha256 6cee58b2f0083d91
# conf/item_names.txt  sha256 5d0e18e89e8aad09
# conf/item_names_pl.txt  sha256 849e2450f0a13bda
# package-en/mob_names.txt  sha256 8ba331f476826fb4
# conf/mob_names.txt  sha256 171a1f706d6e7471
# conf/mob_names_pl.txt  sha256 48a2946520e9f6af
# data/item_texts_en.tsv  sha256 0f4b084d41cb2deb
# data/mob_texts_en.tsv  sha256 5b622a6bc225d117
# renamed by the migrator: m10077, m10814, m10817, m10818, i31073, i40002
#
# item_proto: 6001 in this world, 5862 named (5505 by vnum, 103 by Gameforge's Polish name, 254 by hand), 139 left in Polish (no_row 14, other_item 2, untranslated 123)
# mob_proto: 1424 in this world, 1056 named (1001 by vnum, 1 by Gameforge's Polish name, 54 by hand), 368 left in Polish (no_row 35, other_item 70, untranslated 263)
# mob_proto type NPC: 360 in this world, 275 named (236 by vnum, 1 by Gameforge's Polish name, 38 by hand), 85 left in Polish (no_row 28, other_item 1, untranslated 56)
#
# kind<TAB>vnum<TAB>name<TAB>FNV-1a of the Polish proto name it was matched to
i	1	Yang	d716355c
i	10	Sword+0	74bfb680
i	11	Sword+1	75bfb813
i	12	Sword+2	76bfb9a6
i	13	Sword+3	77bfbb39
i	14	Sword+4	78bfbccc
i	15	Sword+5	79bfbe5f
i	16	Sword+6	7abfbff2
i	17	Sword+7	7bbfc185
i	18	Sword+8	7cbfc318
i	19	Sword+9	7dbfc4ab
i	20	Long Sword+0	5239461c
i	21	Long Sword+1	533947af
i	22	Long Sword+2	54394942
i	23	Long Sword+3	55394ad5
i	24	Long Sword+4	4e393fd0
i	25	Long Sword+5	4f394163
i	26	Long Sword+6	503942f6
i	27	Long Sword+7	51394489
i	28	Long Sword+8	5a3952b4
i	29	Long Sword+9	5b395447
i	30	Crescent Sword+0	1b1cd191
i	31	Crescent Sword+1	1a1ccffe
i	32	Crescent Sword+2	191cce6b
i	33	Crescent Sword+3	181cccd8
i	34	Crescent Sword+4	1f1cd7dd
i	35	Crescent Sword+5	1e1cd64a
i	36	Crescent Sword+6	1d1cd4b7
i	37	Crescent Sword+7	1c1cd324
i	38	Crescent Sword+8	131cc4f9
i	39	Crescent Sword+9	121cc366
i	40	Bamboo Sword+0	c1beee61
i	41	Bamboo Sword+1	c0beecce
i	42	Bamboo Sword+2	bfbeeb3b
i	43	Bamboo Sword+3	bebee9a8
i	44	Bamboo Sword+4	c5bef4ad
i	45	Bamboo Sword+5	c4bef31a
i	46	Bamboo Sword+6	c3bef187
i	47	Bamboo Sword+7	c2beeff4
i	48	Bamboo Sword+8	b9bee1c9
i	49	Bamboo Sword+9	b8bee036
i	50	Broad Sword+0	8ec5497b
i	51	Broad Sword+1	8dc547e8
i	52	Broad Sword+2	90c54ca1
i	53	Broad Sword+3	8fc54b0e
i	54	Broad Sword+4	92c54fc7
i	55	Broad Sword+5	91c54e34
i	56	Broad Sword+6	94c552ed
i	57	Broad Sword+7	93c5515a
i	58	Broad Sword+8	86c53ce3
i	59	Broad Sword+9	85c53b50
i	60	Silver Sword+0	c84fd74d
i	61	Silver Sword+1	c74fd5ba
i	62	Silver Sword+2	c64fd427
i	63	Silver Sword+3	c54fd294
i	64	Silver Sword+4	c44fd101
i	65	Silver Sword+5	c34fcf6e
i	66	Silver Sword+6	c24fcddb
i	67	Silver Sword+7	c14fcc48
i	68	Silver Sword+8	c04fcab5
i	69	Silver Sword+9	bf4fc922
i	70	Orchid Sword+0	a4b381e0
i	71	Orchid Sword+1	a5b38373
i	72	Orchid Sword+2	a6b38506
i	73	Orchid Sword+3	a7b38699
i	74	Orchid Sword+4	a8b3882c
i	75	Orchid Sword+5	a9b389bf
i	76	Orchid Sword+6	aab38b52
i	77	Orchid Sword+7	abb38ce5
i	78	Orchid Sword+8	acb38e78
i	79	Orchid Sword+9	adb3900b
i	80	Bastard Sword+0	c89faffa
i	81	Bastard Sword+1	c99fb18d
i	82	Bastard Sword+2	c69facd4
i	83	Bastard Sword+3	c79fae67
i	84	Bastard Sword+4	c49fa9ae
i	85	Bastard Sword+5	c59fab41
i	86	Bastard Sword+6	c29fa688
i	87	Bastard Sword+7	c39fa81b
i	88	Bastard Sword+8	c09fa362
i	89	Bastard Sword+9	c19fa4f5
i	90	Barbarian Sword+0	485c4546
i	91	Barbarian Sword+1	495c46d9
i	92	Barbarian Sword+2	465c4220
i	93	Barbarian Sword+3	475c43b3
i	94	Barbarian Sword+4	4c5c4b92
i	95	Barbarian Sword+5	4d5c4d25
i	96	Barbarian Sword+6	4a5c486c
i	97	Barbarian Sword+7	4b5c49ff
i	98	Barbarian Sword+8	505c51de
i	99	Barbarian Sword+9	515c5371
i	100	Bloody Sword+0	4c735193
i	101	Bloody Sword+1	4b735000
i	102	Bloody Sword+2	4e7354b9
i	103	Bloody Sword+3	4d735326
i	104	Bloody Sword+4	507357df
i	105	Bloody Sword+5	4f73564c
i	106	Bloody Sword+6	52735b05
i	107	Bloody Sword+7	51735972
i	108	Bloody Sword+8	54735e2b
i	109	Bloody Sword+9	53735c98
i	110	Great Sword+0	b5bedc87
i	111	Great Sword+1	b4bedaf4
i	112	Great Sword+2	b7bedfad
i	113	Great Sword+3	b6bede1a
i	114	Great Sword+4	b1bed63b
i	115	Great Sword+5	b0bed4a8
i	116	Great Sword+6	b3bed961
i	117	Great Sword+7	b2bed7ce
i	118	Great Sword+8	adbecfef
i	119	Great Sword+9	acbece5c
i	120	Flying Wizard Sword+0	e4fa8ee5
i	121	Flying Wizard Sword+1	e3fa8d52
i	122	Flying Wizard Sword+2	e2fa8bbf
i	123	Flying Wizard Sword+3	e1fa8a2c
i	124	Flying Wizard Sword+4	e0fa8899
i	125	Flying Wizard Sword+5	dffa8706
i	126	Flying Wizard Sword+6	defa8573
i	127	Flying Wizard Sword+7	ddfa83e0
i	128	Flying Wizard Sword+8	ecfa9b7d
i	129	Flying Wizard Sword+9	ebfa99ea
i	130	Half Moon Sword+0	13f96bec
i	131	Half Moon Sword+1	14f96d7f
i	132	Half Moon Sword+2	15f96f12
i	133	Half Moon Sword+3	16f970a5
i	134	Half Moon Sword+4	0ff965a0
i	135	Half Moon Sword+5	10f96733
i	136	Half Moon Sword+6	11f968c6
i	137	Half Moon Sword+7	12f96a59
i	138	Half Moon Sword+8	1bf97884
i	139	Half Moon Sword+9	1cf97a17
i	140	Battle Sword+0	80594fe6
i	141	Battle Sword+1	81595179
i	142	Battle Sword+2	7e594cc0
i	143	Battle Sword+3	7f594e53
i	144	Battle Sword+4	84595632
i	145	Battle Sword+5	855957c5
i	146	Battle Sword+6	8259530c
i	147	Battle Sword+7	8359549f
i	148	Battle Sword+8	88595c7e
i	149	Battle Sword+9	89595e11
i	150	Ghost Fang Blade+0	13f16f18
i	151	Ghost Fang Blade+1	14f170ab
i	152	Ghost Fang Blade+2	15f1723e
i	153	Ghost Fang Blade+3	16f173d1
i	154	Ghost Fang Blade+4	17f17564
i	155	Ghost Fang Blade+5	18f176f7
i	156	Ghost Fang Blade+6	19f1788a
i	157	Ghost Fang Blade+7	1af17a1d
i	158	Ghost Fang Blade+8	0bf16280
i	159	Ghost Fang Blade+9	0cf16413
i	160	Nymph Sword+0	4f9f8c51
i	161	Nymph Sword+1	4e9f8abe
i	162	Nymph Sword+2	4d9f892b
i	163	Nymph Sword+3	4c9f8798
i	164	Nymph Sword+4	539f929d
i	165	Nymph Sword+5	529f910a
i	166	Nymph Sword+6	519f8f77
i	167	Nymph Sword+7	509f8de4
i	168	Nymph Sword+8	479f7fb9
i	169	Nymph Sword+9	469f7e26
i	170	Sting Sword+0	ce1a09f2
i	171	Sting Sword+1	cf1a0b85
i	172	Sting Sword+2	cc1a06cc
i	173	Sting Sword+3	cd1a085f
i	174	Sting Sword+4	ca1a03a6
i	175	Sting Sword+5	cb1a0539
i	176	Sting Sword+6	c81a0080
i	177	Sting Sword+7	c91a0213
i	178	Sting Sword+8	d61a168a
i	179	Sting Sword+9	d71a181d
i	180	Poison Sword+0	dd74b249
i	181	Poison Sword+1	dc74b0b6
i	182	Poison Sword+2	db74af23
i	183	Poison Sword+3	da74ad90
i	184	Poison Sword+4	e174b895
i	185	Poison Sword+5	e074b702
i	186	Poison Sword+6	df74b56f
i	187	Poison Sword+7	de74b3dc
i	188	Poison Sword+8	e574bee1
i	189	Poison Sword+9	e474bd4e
i	190	Lion Sword+0	50820060
i	191	Lion Sword+1	518201f3
i	192	Lion Sword+2	52820386
i	193	Lion Sword+3	53820519
i	194	Lion Sword+4	548206ac
i	195	Lion Sword+5	5582083f
i	196	Lion Sword+6	568209d2
i	197	Lion Sword+7	57820b65
i	198	Lion Sword+8	58820cf8
i	199	Lion Sword+9	59820e8b
i	200	Edge Blade+0	c23a1abc
i	201	Edge Blade+1	c33a1c4f
i	202	Edge Blade+2	c43a1de2
i	203	Edge Blade+3	c53a1f75
i	204	Edge Blade+4	be3a1470
i	205	Edge Blade+5	bf3a1603
i	206	Edge Blade+6	c03a1796
i	207	Edge Blade+7	c13a1929
i	208	Edge Blade+8	ca3a2754
i	209	Edge Blade+9	cb3a28e7
i	210	Deadly Blade+0	d3b05579
i	211	Deadly Blade+1	d2b053e6
i	212	Deadly Blade+2	d1b05253
i	213	Deadly Blade+3	d0b050c0
i	214	Deadly Blade+4	d7b05bc5
i	215	Deadly Blade+5	d6b05a32
i	216	Deadly Blade+6	d5b0589f
i	217	Deadly Blade+7	d4b0570c
i	218	Deadly Blade+8	dbb06211
i	219	Deadly Blade+9	dab0607e
i	220	Lunar Sword+0	197bc849
i	221	Lunar Sword+1	187bc6b6
i	222	Lunar Sword+2	177bc523
i	223	Lunar Sword+3	167bc390
i	224	Lunar Sword+4	1d7bce95
i	225	Lunar Sword+5	1c7bcd02
i	226	Lunar Sword+6	1b7bcb6f
i	227	Lunar Sword+7	1a7bc9dc
i	228	Lunar Sword+8	217bd4e1
i	229	Lunar Sword+9	207bd34e
i	230	Heavenly Sword+0	19c72ada
i	231	Heavenly Sword+1	1ac72c6d
i	232	Heavenly Sword+2	17c727b4
i	233	Heavenly Sword+3	18c72947
i	234	Heavenly Sword+4	15c7248e
i	235	Heavenly Sword+5	16c72621
i	236	Heavenly Sword+6	13c72168
i	237	Heavenly Sword+7	14c722fb
i	238	Heavenly Sword+8	11c71e42
i	239	Heavenly Sword+9	12c71fd5
i	240	Exorcism Sword+0	9b22ef01
i	241	Exorcism Sword+1	9a22ed6e
i	242	Exorcism Sword+2	9922ebdb
i	243	Exorcism Sword+3	9822ea48
i	244	Exorcism Sword+4	9f22f54d
i	245	Exorcism Sword+5	9e22f3ba
i	246	Exorcism Sword+6	9d22f227
i	247	Exorcism Sword+7	9c22f094
i	248	Exorcism Sword+8	9322e269
i	249	Exorcism Sword+9	9222e0d6
i	250	Demon Blade+0	2695e487
i	251	Demon Blade+1	2595e2f4
i	252	Demon Blade+2	2895e7ad
i	253	Demon Blade+3	2795e61a
i	254	Demon Blade+4	2295de3b
i	255	Demon Blade+5	2195dca8
i	256	Demon Blade+6	2495e161
i	257	Demon Blade+7	2395dfce
i	258	Demon Blade+8	1e95d7ef
i	259	Demon Blade+9	1d95d65c
i	260	Baron Sword+0	f5ebd9f1
i	261	Baron Sword+1	f4ebd85e
i	262	Baron Sword+2	f3ebd6cb
i	263	Baron Sword+3	f2ebd538
i	264	Baron Sword+4	f9ebe03d
i	265	Baron Sword+5	f8ebdeaa
i	266	Baron Sword+6	f7ebdd17
i	267	Baron Sword+7	f6ebdb84
i	268	Baron Sword+8	edebcd59
i	269	Baron Sword+9	ecebcbc6
i	270	Triton Sword+0	a3166e85
i	271	Triton Sword+1	a2166cf2
i	272	Triton Sword+2	a1166b5f
i	273	Triton Sword+3	a01669cc
i	274	Triton Sword+4	9f166839
i	275	Triton Sword+5	9e1666a6
i	276	Triton Sword+6	9d166513
i	277	Triton Sword+7	9c166380
i	278	Triton Sword+8	ab167b1d
i	279	Triton Sword+9	aa16798a
i	280	Holy Sword+0	f128b7a3
i	281	Holy Sword+1	f028b610
i	282	Holy Sword+2	f328bac9
i	283	Holy Sword+3	f228b936
i	284	Holy Sword+4	f528bdef
i	285	Holy Sword+5	f428bc5c
i	286	Holy Sword+6	f728c115
i	287	Holy Sword+7	f628bf82
i	288	Holy Sword+8	f928c43b
i	289	Holy Sword+9	f828c2a8
i	290	Full Moon Sword+0	9abf0b58
i	291	Full Moon Sword+1	9bbf0ceb
i	292	Full Moon Sword+2	9cbf0e7e
i	293	Full Moon Sword+3	9dbf1011
i	294	Full Moon Sword+4	9ebf11a4
i	295	Full Moon Sword+5	9fbf1337
i	296	Full Moon Sword+6	a0bf14ca
i	297	Full Moon Sword+7	a1bf165d
i	298	Full Moon Sword+8	92befec0
i	299	Full Moon Sword+9	93bf0053
i	460	Rune Sword +0	a594f2c2
i	461	Rune Sword +1	a694f455
i	462	Rune Sword +2	a394ef9c
i	463	Rune Sword +3	a494f12f
i	464	Rune Sword +4	a194ec76
i	465	Rune Sword +5	a294ee09
i	466	Rune Sword +6	9f94e950
i	467	Rune Sword +7	a094eae3
i	468	Rune Sword +8	ad94ff5a
i	469	Rune Sword +9	ae9500ed
i	470	Dragon Tooth Blade +0	d2ada500
i	471	Dragon Tooth Blade +1	d3ada693
i	472	Dragon Tooth Blade +2	d4ada826
i	473	Dragon Tooth Blade +3	d5ada9b9
i	474	Dragon Tooth Blade +4	d6adab4c
i	475	Dragon Tooth Blade +5	d7adacdf
i	476	Dragon Tooth Blade +6	d8adae72
i	477	Dragon Tooth Blade +7	d9adb005
i	478	Dragon Tooth Blade +8	daadb198
i	479	Dragon Tooth Blade +9	dbadb32b
i	1000	Dagger+0	7694450b
i	1001	Dagger+1	75944378
i	1002	Dagger+2	78944831
i	1003	Dagger+3	7794469e
i	1004	Dagger+4	7a944b57
i	1005	Dagger+5	799449c4
i	1006	Dagger+6	7c944e7d
i	1007	Dagger+7	7b944cea
i	1008	Dagger+8	6e943873
i	1009	Dagger+9	6d9436e0
i	1010	Cobra Dagger+0	b18eace6
i	1011	Cobra Dagger+1	b28eae79
i	1012	Cobra Dagger+2	af8ea9c0
i	1013	Cobra Dagger+3	b08eab53
i	1014	Cobra Dagger+4	b58eb332
i	1015	Cobra Dagger+5	b68eb4c5
i	1016	Cobra Dagger+6	b38eb00c
i	1017	Cobra Dagger+7	b48eb19f
i	1018	Cobra Dagger+8	b98eb97e
i	1019	Cobra Dagger+9	ba8ebb11
i	1020	Scissor Dagger+0	61b97afe
i	1021	Scissor Dagger+1	62b97c91
i	1022	Scissor Dagger+2	5fb977d8
i	1023	Scissor Dagger+3	60b9796b
i	1024	Scissor Dagger+4	65b9814a
i	1025	Scissor Dagger+5	66b982dd
i	1026	Scissor Dagger+6	63b97e24
i	1027	Scissor Dagger+7	64b97fb7
i	1028	Scissor Dagger+8	59b96e66
i	1029	Scissor Dagger+9	5ab96ff9
i	1030	Lucky Knife+0	c4913795
i	1031	Lucky Knife+1	c3913602
i	1032	Lucky Knife+2	c291346f
i	1033	Lucky Knife+3	c19132dc
i	1034	Lucky Knife+4	c0913149
i	1035	Lucky Knife+5	bf912fb6
i	1036	Lucky Knife+6	be912e23
i	1037	Lucky Knife+7	bd912c90
i	1038	Lucky Knife+8	cc91442d
i	1039	Lucky Knife+9	cb91429a
i	1040	Cat Bite Knife+0	fff50182
i	1041	Cat Bite Knife+1	00f50315
i	1042	Cat Bite Knife+2	fdf4fe5c
i	1043	Cat Bite Knife+3	fef4ffef
i	1044	Cat Bite Knife+4	fbf4fb36
i	1045	Cat Bite Knife+5	fcf4fcc9
i	1046	Cat Bite Knife+6	f9f4f810
i	1047	Cat Bite Knife+7	faf4f9a3
i	1048	Cat Bite Knife+8	07f50e1a
i	1049	Cat Bite Knife+9	08f50fad
i	1050	Devil Mask Dagger+0	e1009682
i	1051	Devil Mask Dagger+1	e2009815
i	1052	Devil Mask Dagger+2	df00935c
i	1053	Devil Mask Dagger+3	e00094ef
i	1054	Devil Mask Dagger+4	dd009036
i	1055	Devil Mask Dagger+5	de0091c9
i	1056	Devil Mask Dagger+6	db008d10
i	1057	Devil Mask Dagger+7	dc008ea3
i	1058	Devil Mask Dagger+8	e900a31a
i	1059	Devil Mask Dagger+9	ea00a4ad
i	1060	Devil Fist Dagger+0	88a5d170
i	1061	Devil Fist Dagger+1	89a5d303
i	1062	Devil Fist Dagger+2	8aa5d496
i	1063	Devil Fist Dagger+3	8ba5d629
i	1064	Devil Fist Dagger+4	8ca5d7bc
i	1065	Devil Fist Dagger+5	8da5d94f
i	1066	Devil Fist Dagger+6	8ea5dae2
i	1067	Devil Fist Dagger+7	8fa5dc75
i	1068	Devil Fist Dagger+8	90a5de08
i	1069	Devil Fist Dagger+9	91a5df9b
i	1070	Bloody Dagger+0	db1e2068
i	1071	Bloody Dagger+1	dc1e21fb
i	1072	Bloody Dagger+2	dd1e238e
i	1073	Bloody Dagger+3	de1e2521
i	1074	Bloody Dagger+4	df1e26b4
i	1075	Bloody Dagger+5	e01e2847
i	1076	Bloody Dagger+6	e11e29da
i	1077	Bloody Dagger+7	e21e2b6d
i	1078	Bloody Dagger+8	d31e13d0
i	1079	Bloody Dagger+9	d41e1563
i	1080	Rib Knife+0	6d8b4151
i	1081	Rib Knife+1	6c8b3fbe
i	1082	Rib Knife+2	6b8b3e2b
i	1083	Rib Knife+3	6a8b3c98
i	1084	Rib Knife+4	718b479d
i	1085	Rib Knife+5	708b460a
i	1086	Rib Knife+6	6f8b4477
i	1087	Rib Knife+7	6e8b42e4
i	1088	Rib Knife+8	658b34b9
i	1089	Rib Knife+9	648b3326
i	1090	Chakram+0	8d5b0cf9
i	1091	Chakram+1	8c5b0b66
i	1092	Chakram+2	8b5b09d3
i	1093	Chakram+3	8a5b0840
i	1094	Chakram+4	915b1345
i	1095	Chakram+5	905b11b2
i	1096	Chakram+6	8f5b101f
i	1097	Chakram+7	8e5b0e8c
i	1098	Chakram+8	955b1991
i	1099	Chakram+9	945b17fe
i	1100	Dragon Knife+0	702c84d9
i	1101	Dragon Knife+1	6f2c8346
i	1102	Dragon Knife+2	6e2c81b3
i	1103	Dragon Knife+3	6d2c8020
i	1104	Dragon Knife+4	742c8b25
i	1105	Dragon Knife+5	732c8992
i	1106	Dragon Knife+6	722c87ff
i	1107	Dragon Knife+7	712c866c
i	1108	Dragon Knife+8	782c9171
i	1109	Dragon Knife+9	772c8fde
i	1110	Lightning Knife+0	bac702f1
i	1111	Lightning Knife+1	b9c7015e
i	1112	Lightning Knife+2	b8c6ffcb
i	1113	Lightning Knife+3	b7c6fe38
i	1114	Lightning Knife+4	bec7093d
i	1115	Lightning Knife+5	bdc707aa
i	1116	Lightning Knife+6	bcc70617
i	1117	Lightning Knife+7	bbc70484
i	1118	Lightning Knife+8	b2c6f659
i	1119	Lightning Knife+9	b1c6f4c6
i	1120	Siamese Knife+0	a5541a49
i	1121	Siamese Knife+1	a45418b6
i	1122	Siamese Knife+2	a3541723
i	1123	Siamese Knife+3	a2541590
i	1124	Siamese Knife+4	a9542095
i	1125	Siamese Knife+5	a8541f02
i	1126	Siamese Knife+6	a7541d6f
i	1127	Siamese Knife+7	a6541bdc
i	1128	Siamese Knife+8	ad5426e1
i	1129	Siamese Knife+9	ac54254e
i	1130	Devil Wing Chakram+0	05b9ebe4
i	1131	Devil Wing Chakram+1	06b9ed77
i	1132	Devil Wing Chakram+2	07b9ef0a
i	1133	Devil Wing Chakram+3	08b9f09d
i	1134	Devil Wing Chakram+4	01b9e598
i	1135	Devil Wing Chakram+5	02b9e72b
i	1136	Devil Wing Chakram+6	03b9e8be
i	1137	Devil Wing Chakram+7	04b9ea51
i	1138	Devil Wing Chakram+8	fdb9df4c
i	1139	Devil Wing Chakram+9	feb9e0df
i	1140	Saw Tooth Knife+0	ec702cd2
i	1141	Saw Tooth Knife+1	ed702e65
i	1142	Saw Tooth Knife+2	ea7029ac
i	1143	Saw Tooth Knife+3	eb702b3f
i	1144	Saw Tooth Knife+4	e8702686
i	1145	Saw Tooth Knife+5	e9702819
i	1146	Saw Tooth Knife+6	e6702360
i	1147	Saw Tooth Knife+7	e77024f3
i	1148	Saw Tooth Knife+8	f470396a
i	1149	Saw Tooth Knife+9	f5703afd
i	1150	Sunlight Knife+0	ee9f0452
i	1151	Sunlight Knife+1	ef9f05e5
i	1152	Sunlight Knife+2	ec9f012c
i	1153	Sunlight Knife+3	ed9f02bf
i	1154	Sunlight Knife+4	ea9efe06
i	1155	Sunlight Knife+5	eb9eff99
i	1156	Sunlight Knife+6	e89efae0
i	1157	Sunlight Knife+7	e99efc73
i	1158	Sunlight Knife+8	f69f10ea
i	1159	Sunlight Knife+9	f79f127d
i	1160	Rivulet Knife+0	98841227
i	1161	Rivulet Knife+1	97841094
i	1162	Rivulet Knife+2	9a84154d
i	1163	Rivulet Knife+3	998413ba
i	1164	Rivulet Knife+4	94840bdb
i	1165	Rivulet Knife+5	93840a48
i	1166	Rivulet Knife+6	96840f01
i	1167	Rivulet Knife+7	95840d6e
i	1168	Rivulet Knife+8	9084058f
i	1169	Rivulet Knife+9	8f8403fc
i	1170	Black Leaf Dirk+0	36db6687
i	1171	Black Leaf Dirk+1	35db64f4
i	1172	Black Leaf Dirk+2	38db69ad
i	1173	Black Leaf Dirk+3	37db681a
i	1174	Black Leaf Dirk+4	32db603b
i	1175	Black Leaf Dirk+5	31db5ea8
i	1176	Black Leaf Dirk+6	34db6361
i	1177	Black Leaf Dirk+7	33db61ce
i	1178	Black Leaf Dirk+8	2edb59ef
i	1179	Black Leaf Dirk+9	2ddb585c
i	1340	Five Element Blade +0	e7f98534
i	1341	Five Element Blade +1	e8f986c7
i	1342	Five Element Blade +2	e9f9885a
i	1343	Five Element Blade +3	eaf989ed
i	1344	Five Element Blade +4	e3f97ee8
i	1345	Five Element Blade +5	e4f9807b
i	1346	Five Element Blade +6	e5f9820e
i	1347	Five Element Blade +7	e6f983a1
i	1348	Five Element Blade +8	dff9789c
i	1349	Five Element Blade +9	e0f97a2f
i	2000	Bow+0	c5d98a39
i	2001	Bow+1	c4d988a6
i	2002	Bow+2	c3d98713
i	2003	Bow+3	c2d98580
i	2004	Bow+4	c9d99085
i	2005	Bow+5	c8d98ef2
i	2006	Bow+6	c7d98d5f
i	2007	Bow+7	c6d98bcc
i	2008	Bow+8	cdd996d1
i	2009	Bow+9	ccd9953e
i	2010	Long Bow+0	0b4da92d
i	2011	Long Bow+1	0a4da79a
i	2012	Long Bow+2	094da607
i	2013	Long Bow+3	084da474
i	2014	Long Bow+4	074da2e1
i	2015	Long Bow+5	064da14e
i	2016	Long Bow+6	054d9fbb
i	2017	Long Bow+7	044d9e28
i	2018	Long Bow+8	034d9c95
i	2019	Long Bow+9	024d9b02
i	2020	Composite Bow+0	5f67aefd
i	2021	Composite Bow+1	5e67ad6a
i	2022	Composite Bow+2	5d67abd7
i	2023	Composite Bow+3	5c67aa44
i	2024	Composite Bow+4	5b67a8b1
i	2025	Composite Bow+5	5a67a71e
i	2026	Composite Bow+6	5967a58b
i	2027	Composite Bow+7	5867a3f8
i	2028	Composite Bow+8	5767a265
i	2029	Composite Bow+9	5667a0d2
i	2030	Battle Bow+0	7acf4ef7
i	2031	Battle Bow+1	79cf4d64
i	2032	Battle Bow+2	7ccf521d
i	2033	Battle Bow+3	7bcf508a
i	2034	Battle Bow+4	76cf48ab
i	2035	Battle Bow+5	75cf4718
i	2036	Battle Bow+6	78cf4bd1
i	2037	Battle Bow+7	77cf4a3e
i	2038	Battle Bow+8	72cf425f
i	2039	Battle Bow+9	71cf40cc
i	2040	Horseback Long Bow+0	3cebabbe
i	2041	Horseback Long Bow+1	3debad51
i	2042	Horseback Long Bow+2	3aeba898
i	2043	Horseback Long Bow+3	3bebaa2b
i	2044	Horseback Long Bow+4	40ebb20a
i	2045	Horseback Long Bow+5	41ebb39d
i	2046	Horseback Long Bow+6	3eebaee4
i	2047	Horseback Long Bow+7	3febb077
i	2048	Horseback Long Bow+8	34eb9f26
i	2049	Horseback Long Bow+9	35eba0b9
i	2050	Horseback Battle Bow+0	b5490000
i	2051	Horseback Battle Bow+1	b6490193
i	2052	Horseback Battle Bow+2	b7490326
i	2053	Horseback Battle Bow+3	b84904b9
i	2054	Horseback Battle Bow+4	b949064c
i	2055	Horseback Battle Bow+5	ba4907df
i	2056	Horseback Battle Bow+6	bb490972
i	2057	Horseback Battle Bow+7	bc490b05
i	2058	Horseback Battle Bow+8	bd490c98
i	2059	Horseback Battle Bow+9	be490e2b
i	2060	Copper Crafted Bow+0	29afdced
i	2061	Copper Crafted Bow+1	28afdb5a
i	2062	Copper Crafted Bow+2	27afd9c7
i	2063	Copper Crafted Bow+3	26afd834
i	2064	Copper Crafted Bow+4	25afd6a1
i	2065	Copper Crafted Bow+5	24afd50e
i	2066	Copper Crafted Bow+6	23afd37b
i	2067	Copper Crafted Bow+7	22afd1e8
i	2068	Copper Crafted Bow+8	21afd055
i	2069	Copper Crafted Bow+9	20afcec2
i	2070	Black Ruin Bow+0	7dabfc1b
i	2071	Black Ruin Bow+1	7cabfa88
i	2072	Black Ruin Bow+2	7fabff41
i	2073	Black Ruin Bow+3	7eabfdae
i	2074	Black Ruin Bow+4	81ac0267
i	2075	Black Ruin Bow+5	80ac00d4
i	2076	Black Ruin Bow+6	83ac058d
i	2077	Black Ruin Bow+7	82ac03fa
i	2078	Black Ruin Bow+8	75abef83
i	2079	Black Ruin Bow+9	74abedf0
i	2080	Red Eye Bow+0	ebbb7897
i	2081	Red Eye Bow+1	eabb7704
i	2082	Red Eye Bow+2	edbb7bbd
i	2083	Red Eye Bow+3	ecbb7a2a
i	2084	Red Eye Bow+4	e7bb724b
i	2085	Red Eye Bow+5	e6bb70b8
i	2086	Red Eye Bow+6	e9bb7571
i	2087	Red Eye Bow+7	e8bb73de
i	2088	Red Eye Bow+8	e3bb6bff
i	2089	Red Eye Bow+9	e2bb6a6c
i	2090	Thorn Leaf Bow+0	786553f6
i	2091	Thorn Leaf Bow+1	79655589
i	2092	Thorn Leaf Bow+2	766550d0
i	2093	Thorn Leaf Bow+3	77655263
i	2094	Thorn Leaf Bow+4	7c655a42
i	2095	Thorn Leaf Bow+5	7d655bd5
i	2096	Thorn Leaf Bow+6	7a65571c
i	2097	Thorn Leaf Bow+7	7b6558af
i	2098	Thorn Leaf Bow+8	8065608e
i	2099	Thorn Leaf Bow+9	81656221
i	2100	Bull's Horn Bow+0	5191b8af
i	2101	Bull's Horn Bow+1	5091b71c
i	2102	Bull's Horn Bow+2	5391bbd5
i	2103	Bull's Horn Bow+3	5291ba42
i	2104	Bull's Horn Bow+4	4d91b263
i	2105	Bull's Horn Bow+5	4c91b0d0
i	2106	Bull's Horn Bow+6	4f91b589
i	2107	Bull's Horn Bow+7	4e91b3f6
i	2108	Bull's Horn Bow+8	5991c547
i	2109	Bull's Horn Bow+9	5891c3b4
i	2110	Unicorn Bow+0	88cf3f19
i	2111	Unicorn Bow+1	87cf3d86
i	2112	Unicorn Bow+2	86cf3bf3
i	2113	Unicorn Bow+3	85cf3a60
i	2114	Unicorn Bow+4	8ccf4565
i	2115	Unicorn Bow+5	8bcf43d2
i	2116	Unicorn Bow+6	8acf423f
i	2117	Unicorn Bow+7	89cf40ac
i	2118	Unicorn Bow+8	90cf4bb1
i	2119	Unicorn Bow+9	8fcf4a1e
i	2120	Giant Wing Bow+0	728be1f1
i	2121	Giant Wing Bow+1	718be05e
i	2122	Giant Wing Bow+2	708bdecb
i	2123	Giant Wing Bow+3	6f8bdd38
i	2124	Giant Wing Bow+4	768be83d
i	2125	Giant Wing Bow+5	758be6aa
i	2126	Giant Wing Bow+6	748be517
i	2127	Giant Wing Bow+7	738be384
i	2128	Giant Wing Bow+8	6a8bd559
i	2129	Giant Wing Bow+9	698bd3c6
i	2130	Divine Apricot Bow+0	feab6d53
i	2131	Divine Apricot Bow+1	fdab6bc0
i	2132	Divine Apricot Bow+2	00ab7079
i	2133	Divine Apricot Bow+3	ffab6ee6
i	2134	Divine Apricot Bow+4	02ab739f
i	2135	Divine Apricot Bow+5	01ab720c
i	2136	Divine Apricot Bow+6	04ab76c5
i	2137	Divine Apricot Bow+7	03ab7532
i	2138	Divine Apricot Bow+8	06ab79eb
i	2139	Divine Apricot Bow+9	05ab7858
i	2140	Yellow Dragon Bow+0	a6240d48
i	2141	Yellow Dragon Bow+1	a7240edb
i	2142	Yellow Dragon Bow+2	a824106e
i	2143	Yellow Dragon Bow+3	a9241201
i	2144	Yellow Dragon Bow+4	aa241394
i	2145	Yellow Dragon Bow+5	ab241527
i	2146	Yellow Dragon Bow+6	ac2416ba
i	2147	Yellow Dragon Bow+7	ad24184d
i	2148	Yellow Dragon Bow+8	9e2400b0
i	2149	Yellow Dragon Bow+9	9f240243
i	2150	Hornbow+0	370774fa
i	2151	Hornbow+1	3807768d
i	2152	Hornbow+2	350771d4
i	2153	Hornbow+3	36077367
i	2154	Hornbow+4	33076eae
i	2155	Hornbow+5	34077041
i	2156	Hornbow+6	31076b88
i	2157	Hornbow+7	32076d1b
i	2158	Hornbow+8	2f076862
i	2159	Hornbow+9	300769f5
i	2160	Giant Devil Bow+0	fb7c0cba
i	2161	Giant Devil Bow+1	fc7c0e4d
i	2162	Giant Devil Bow+2	f97c0994
i	2163	Giant Devil Bow+3	fa7c0b27
i	2164	Giant Devil Bow+4	f77c066e
i	2165	Giant Devil Bow+5	f87c0801
i	2166	Giant Devil Bow+6	f57c0348
i	2167	Giant Devil Bow+7	f67c04db
i	2168	Giant Devil Bow+8	f37c0022
i	2169	Giant Devil Bow+9	f47c01b5
i	2170	Crow Steel Bow+0	aa3bfbde
i	2171	Crow Steel Bow+1	ab3bfd71
i	2172	Crow Steel Bow+2	a83bf8b8
i	2173	Crow Steel Bow+3	a93bfa4b
i	2174	Crow Steel Bow+4	ae3c022a
i	2175	Crow Steel Bow+5	af3c03bd
i	2176	Crow Steel Bow+6	ac3bff04
i	2177	Crow Steel Bow+7	ad3c0097
i	2178	Crow Steel Bow+8	a23bef46
i	2179	Crow Steel Bow+9	a33bf0d9
i	2180	Blue Dragon Bow+0	a5007cfe
i	2181	Blue Dragon Bow+1	a6007e91
i	2182	Blue Dragon Bow+2	a30079d8
i	2183	Blue Dragon Bow+3	a4007b6b
i	2184	Blue Dragon Bow+4	a900834a
i	2185	Blue Dragon Bow+5	aa0084dd
i	2186	Blue Dragon Bow+6	a7008024
i	2187	Blue Dragon Bow+7	a80081b7
i	2188	Blue Dragon Bow+8	9d007066
i	2189	Blue Dragon Bow+9	9e0071f9
i	2190	Ghost Crossbow+0	c13a6628
i	2191	Ghost Crossbow+1	c23a67bb
i	2192	Ghost Crossbow+2	c33a694e
i	2193	Ghost Crossbow+3	c43a6ae1
i	2194	Ghost Crossbow+4	c53a6c74
i	2195	Ghost Crossbow+5	c63a6e07
i	2196	Ghost Crossbow+6	c73a6f9a
i	2197	Ghost Crossbow+7	c83a712d
i	2198	Ghost Crossbow+8	b93a5990
i	2199	Ghost Crossbow+9	ba3a5b23
i	2370	Phoenix Bow +0	cb58e79c
i	2371	Phoenix Bow +1	cc58e92f
i	2372	Phoenix Bow +2	cd58eac2
i	2373	Phoenix Bow +3	ce58ec55
i	2374	Phoenix Bow +4	c758e150
i	2375	Phoenix Bow +5	c858e2e3
i	2376	Phoenix Bow +6	c958e476
i	2377	Phoenix Bow +7	ca58e609
i	2378	Phoenix Bow +8	d358f434
i	2379	Phoenix Bow +9	d458f5c7
i	3000	Glaive+0	b85dd263
i	3001	Glaive+1	b75dd0d0
i	3002	Glaive+2	ba5dd589
i	3003	Glaive+3	b95dd3f6
i	3004	Glaive+4	bc5dd8af
i	3005	Glaive+5	bb5dd71c
i	3006	Glaive+6	be5ddbd5
i	3007	Glaive+7	bd5dda42
i	3008	Glaive+8	c05ddefb
i	3009	Glaive+9	bf5ddd68
i	3010	Spear+0	70206d98
i	3011	Spear+1	71206f2b
i	3012	Spear+2	722070be
i	3013	Spear+3	73207251
i	3014	Spear+4	742073e4
i	3015	Spear+5	75207577
i	3016	Spear+6	7620770a
i	3017	Spear+7	7720789d
i	3018	Spear+8	68206100
i	3019	Spear+9	69206293
i	3020	Guillotine Blade+0	680941d2
i	3021	Guillotine Blade+1	69094365
i	3022	Guillotine Blade+2	66093eac
i	3023	Guillotine Blade+3	6709403f
i	3024	Guillotine Blade+4	64093b86
i	3025	Guillotine Blade+5	65093d19
i	3026	Guillotine Blade+6	62093860
i	3027	Guillotine Blade+7	630939f3
i	3028	Guillotine Blade+8	70094e6a
i	3029	Guillotine Blade+9	71094ffd
i	3030	Spider Spear+0	76e88ec7
i	3031	Spider Spear+1	75e88d34
i	3032	Spider Spear+2	78e891ed
i	3033	Spider Spear+3	77e8905a
i	3034	Spider Spear+4	72e8887b
i	3035	Spider Spear+5	71e886e8
i	3036	Spider Spear+6	74e88ba1
i	3037	Spider Spear+7	73e88a0e
i	3038	Spider Spear+8	6ee8822f
i	3039	Spider Spear+9	6de8809c
i	3040	Gisarme+0	9a518e7f
i	3041	Gisarme+1	99518cec
i	3042	Gisarme+2	9c5191a5
i	3043	Gisarme+3	9b519012
i	3044	Gisarme+4	96518833
i	3045	Gisarme+5	955186a0
i	3046	Gisarme+6	98518b59
i	3047	Gisarme+7	975189c6
i	3048	Gisarme+8	a2519b17
i	3049	Gisarme+9	a1519984
i	3050	War Scythe+0	c32a17f2
i	3051	War Scythe+1	c42a1985
i	3052	War Scythe+2	c12a14cc
i	3053	War Scythe+3	c22a165f
i	3054	War Scythe+4	bf2a11a6
i	3055	War Scythe+5	c02a1339
i	3056	War Scythe+6	bd2a0e80
i	3057	War Scythe+7	be2a1013
i	3058	War Scythe+8	cb2a248a
i	3059	War Scythe+9	cc2a261d
i	3060	Battle Pitchfork+0	aeb5aadc
i	3061	Battle Pitchfork+1	afb5ac6f
i	3062	Battle Pitchfork+2	b0b5ae02
i	3063	Battle Pitchfork+3	b1b5af95
i	3064	Battle Pitchfork+4	aab5a490
i	3065	Battle Pitchfork+5	abb5a623
i	3066	Battle Pitchfork+6	acb5a7b6
i	3067	Battle Pitchfork+7	adb5a949
i	3068	Battle Pitchfork+8	b6b5b774
i	3069	Battle Pitchfork+9	b7b5b907
i	3070	Halberd+0	a646c2d6
i	3071	Halberd+1	a746c469
i	3072	Halberd+2	a446bfb0
i	3073	Halberd+3	a546c143
i	3074	Halberd+4	aa46c922
i	3075	Halberd+5	ab46cab5
i	3076	Halberd+6	a846c5fc
i	3077	Halberd+7	a946c78f
i	3078	Halberd+8	ae46cf6e
i	3079	Halberd+9	af46d101
i	3080	Giant Axe+0	a0203b57
i	3081	Giant Axe+1	9f2039c4
i	3082	Giant Axe+2	a2203e7d
i	3083	Giant Axe+3	a1203cea
i	3084	Giant Axe+4	9c20350b
i	3085	Giant Axe+5	9b203378
i	3086	Giant Axe+6	9e203831
i	3087	Giant Axe+7	9d20369e
i	3088	Giant Axe+8	98202ebf
i	3089	Giant Axe+9	97202d2c
i	3090	Glacial Pick+0	9aaa18ab
i	3091	Glacial Pick+1	99aa1718
i	3092	Glacial Pick+2	9caa1bd1
i	3093	Glacial Pick+3	9baa1a3e
i	3094	Glacial Pick+4	9eaa1ef7
i	3095	Glacial Pick+5	9daa1d64
i	3096	Glacial Pick+6	a0aa221d
i	3097	Glacial Pick+7	9faa208a
i	3098	Glacial Pick+8	92aa0c13
i	3099	Glacial Pick+9	91aa0a80
i	3100	Twelve Spirit Sword+0	183db35d
i	3101	Twelve Spirit Sword+1	173db1ca
i	3102	Twelve Spirit Sword+2	163db037
i	3103	Twelve Spirit Sword+3	153daea4
i	3104	Twelve Spirit Sword+4	143dad11
i	3105	Twelve Spirit Sword+5	133dab7e
i	3106	Twelve Spirit Sword+6	123da9eb
i	3107	Twelve Spirit Sword+7	113da858
i	3108	Twelve Spirit Sword+8	103da6c5
i	3109	Twelve Spirit Sword+9	0f3da532
i	3110	Salvation Blade+0	02084515
i	3111	Salvation Blade+1	01084382
i	3112	Salvation Blade+2	000841ef
i	3113	Salvation Blade+3	ff08405c
i	3114	Salvation Blade+4	fe083ec9
i	3115	Salvation Blade+5	fd083d36
i	3116	Salvation Blade+6	fc083ba3
i	3117	Salvation Blade+7	fb083a10
i	3118	Salvation Blade+8	0a0851ad
i	3119	Salvation Blade+9	0908501a
i	3120	Lion Slayer+0	61bac379
i	3121	Lion Slayer+1	60bac1e6
i	3122	Lion Slayer+2	5fbac053
i	3123	Lion Slayer+3	5ebabec0
i	3124	Lion Slayer+4	65bac9c5
i	3125	Lion Slayer+5	64bac832
i	3126	Lion Slayer+6	63bac69f
i	3127	Lion Slayer+7	62bac50c
i	3128	Lion Slayer+8	69bad011
i	3129	Lion Slayer+9	68bace7e
i	3130	Partisan+0	ca2d82c4
i	3131	Partisan+1	cb2d8457
i	3132	Partisan+2	cc2d85ea
i	3133	Partisan+3	cd2d877d
i	3134	Partisan+4	c62d7c78
i	3135	Partisan+5	c72d7e0b
i	3136	Partisan+6	c82d7f9e
i	3137	Partisan+7	c92d8131
i	3138	Partisan+8	c22d762c
i	3139	Partisan+9	c32d77bf
i	3140	Electromagnetic Blade+0	590aa268
i	3141	Electromagnetic Blade+1	5a0aa3fb
i	3142	Electromagnetic Blade+2	5b0aa58e
i	3143	Electromagnetic Blade+3	5c0aa721
i	3144	Electromagnetic Blade+4	5d0aa8b4
i	3145	Electromagnetic Blade+5	5e0aaa47
i	3146	Electromagnetic Blade+6	5f0aabda
i	3147	Electromagnetic Blade+7	600aad6d
i	3148	Electromagnetic Blade+8	510a95d0
i	3149	Electromagnetic Blade+9	520a9763
i	3150	Soul Stealing Blade+0	2a068570
i	3151	Soul Stealing Blade+1	2b068703
i	3152	Soul Stealing Blade+2	2c068896
i	3153	Soul Stealing Blade+3	2d068a29
i	3154	Soul Stealing Blade+4	2e068bbc
i	3155	Soul Stealing Blade+5	2f068d4f
i	3156	Soul Stealing Blade+6	30068ee2
i	3157	Soul Stealing Blade+7	31069075
i	3158	Soul Stealing Blade+8	32069208
i	3159	Soul Stealing Blade+9	3306939b
i	3160	Grudge Sword+0	45ade875
i	3161	Grudge Sword+1	44ade6e2
i	3162	Grudge Sword+2	43ade54f
i	3163	Grudge Sword+3	42ade3bc
i	3164	Grudge Sword+4	41ade229
i	3165	Grudge Sword+5	40ade096
i	3166	Grudge Sword+6	3faddf03
i	3167	Grudge Sword+7	3eaddd70
i	3168	Grudge Sword+8	4dadf50d
i	3169	Grudge Sword+9	4cadf37a
i	3170	Yellow Dragon Slayer+0	115b8ef4
i	3171	Yellow Dragon Slayer+1	125b9087
i	3172	Yellow Dragon Slayer+2	135b921a
i	3173	Yellow Dragon Slayer+3	145b93ad
i	3174	Yellow Dragon Slayer+4	0d5b88a8
i	3175	Yellow Dragon Slayer+5	0e5b8a3b
i	3176	Yellow Dragon Slayer+6	0f5b8bce
i	3177	Yellow Dragon Slayer+7	105b8d61
i	3178	Yellow Dragon Slayer+8	095b825c
i	3179	Yellow Dragon Slayer+9	0a5b83ef
i	3180	Blue Dragon Slayer+0	cd78a367
i	3181	Blue Dragon Slayer+1	cc78a1d4
i	3182	Blue Dragon Slayer+2	cf78a68d
i	3183	Blue Dragon Slayer+3	ce78a4fa
i	3184	Blue Dragon Slayer+4	c9789d1b
i	3185	Blue Dragon Slayer+5	c8789b88
i	3186	Blue Dragon Slayer+6	cb78a041
i	3187	Blue Dragon Slayer+7	ca789eae
i	3188	Blue Dragon Slayer+8	c57896cf
i	3189	Blue Dragon Slayer+9	c478953c
i	3190	Solar Blade +0	3e642205
i	3191	Solar Blade +1	3d642072
i	3192	Solar Blade +2	3c641edf
i	3193	Solar Blade +3	3b641d4c
i	3194	Solar Blade +4	3a641bb9
i	3195	Solar Blade +5	39641a26
i	3196	Solar Blade +6	38641893
i	3197	Solar Blade +7	37641700
i	3198	Solar Blade +8	46642e9d
i	3199	Solar Blade +9	45642d0a
i	3200	Dragon God Blade+0	c47fbcb6
i	3201	Dragon God Blade+1	c57fbe49
i	3202	Dragon God Blade+2	c27fb990
i	3203	Dragon God Blade+3	c37fbb23
i	3204	Dragon God Blade+4	c87fc302
i	3205	Dragon God Blade+5	c97fc495
i	3206	Dragon God Blade+6	c67fbfdc
i	3207	Dragon God Blade+7	c77fc16f
i	3208	Dragon God Blade+8	cc7fc94e
i	3209	Dragon God Blade+9	cd7fcae1
i	3210	Red Iron Blade+0	f65f2317
i	3211	Red Iron Blade+1	f55f2184
i	3212	Red Iron Blade+2	f85f263d
i	3213	Red Iron Blade+3	f75f24aa
i	3214	Red Iron Blade+4	f25f1ccb
i	3215	Red Iron Blade+5	f15f1b38
i	3216	Red Iron Blade+6	f45f1ff1
i	3217	Red Iron Blade+7	f35f1e5e
i	3218	Red Iron Blade+8	ee5f167f
i	3219	Red Iron Blade+9	ed5f14ec
i	4000	Amija+0	87fed94c
i	4001	Amija+1	88fedadf
i	4002	Amija+2	89fedc72
i	4003	Amija+3	8afede05
i	4004	Amija+4	83fed300
i	4005	Amija+5	84fed493
i	4006	Amija+6	85fed626
i	4007	Amija+7	86fed7b9
i	4008	Amija+8	8ffee5e4
i	4009	Amija+9	90fee777
i	4010	Nine Blades+0	13468f59
i	4011	Nine Blades+1	12468dc6
i	4012	Nine Blades+2	11468c33
i	4013	Nine Blades+3	10468aa0
i	4014	Nine Blades+4	174695a5
i	4015	Nine Blades+5	16469412
i	4016	Nine Blades+6	1546927f
i	4017	Nine Blades+7	144690ec
i	4018	Nine Blades+8	1b469bf1
i	4019	Nine Blades+9	1a469a5e
i	4020	Short Knife+0	b5fb7cc8
i	4021	Short Knife+1	b6fb7e5b
i	4022	Short Knife+2	b7fb7fee
i	4023	Short Knife+3	b8fb8181
i	4024	Short Knife+4	b9fb8314
i	4025	Short Knife+5	bafb84a7
i	4026	Short Knife+6	bbfb863a
i	4027	Short Knife+7	bcfb87cd
i	4028	Short Knife+8	adfb7030
i	4029	Short Knife+9	aefb71c3
i	4030	Lunar Twin Dagger+0	fd1d75f3
i	4031	Lunar Twin Dagger+1	fc1d7460
i	4032	Lunar Twin Dagger+2	ff1d7919
i	4033	Lunar Twin Dagger+3	fe1d7786
i	4034	Lunar Twin Dagger+4	011d7c3f
i	4035	Lunar Twin Dagger+5	001d7aac
i	4036	Lunar Twin Dagger+6	031d7f65
i	4037	Lunar Twin Dagger+7	021d7dd2
i	4038	Lunar Twin Dagger+8	051d828b
i	4039	Lunar Twin Dagger+9	041d80f8
i	4040	Soulless Knife+0	3db9b306
i	4041	Soulless Knife+1	3eb9b499
i	4042	Soulless Knife+2	3bb9afe0
i	4043	Soulless Knife+3	3cb9b173
i	4044	Soulless Knife+4	41b9b952
i	4045	Soulless Knife+5	42b9bae5
i	4046	Soulless Knife+6	3fb9b62c
i	4047	Soulless Knife+7	40b9b7bf
i	4048	Soulless Knife+8	45b9bf9e
i	4049	Soulless Knife+9	46b9c131
i	5000	Copper Bell+0	d9861132
i	5001	Copper Bell+1	da8612c5
i	5002	Copper Bell+2	d7860e0c
i	5003	Copper Bell+3	d8860f9f
i	5004	Copper Bell+4	d5860ae6
i	5005	Copper Bell+5	d6860c79
i	5006	Copper Bell+6	d38607c0
i	5007	Copper Bell+7	d4860953
i	5008	Copper Bell+8	e1861dca
i	5009	Copper Bell+9	e2861f5d
i	5010	Silver Bell+0	63e3ab83
i	5011	Silver Bell+1	62e3a9f0
i	5012	Silver Bell+2	65e3aea9
i	5013	Silver Bell+3	64e3ad16
i	5014	Silver Bell+4	67e3b1cf
i	5015	Silver Bell+5	66e3b03c
i	5016	Silver Bell+6	69e3b4f5
i	5017	Silver Bell+7	68e3b362
i	5018	Silver Bell+8	6be3b81b
i	5019	Silver Bell+9	6ae3b688
i	5020	Golden Bell+0	31d80a21
i	5021	Golden Bell+1	30d8088e
i	5022	Golden Bell+2	2fd806fb
i	5023	Golden Bell+3	2ed80568
i	5024	Golden Bell+4	35d8106d
i	5025	Golden Bell+5	34d80eda
i	5026	Golden Bell+6	33d80d47
i	5027	Golden Bell+7	32d80bb4
i	5028	Golden Bell+8	29d7fd89
i	5029	Golden Bell+9	28d7fbf6
i	5030	Jade Bell+0	783e4eba
i	5031	Jade Bell+1	793e504d
i	5032	Jade Bell+2	763e4b94
i	5033	Jade Bell+3	773e4d27
i	5034	Jade Bell+4	743e486e
i	5035	Jade Bell+5	753e4a01
i	5036	Jade Bell+6	723e4548
i	5037	Jade Bell+7	733e46db
i	5038	Jade Bell+8	703e4222
i	5039	Jade Bell+9	713e43b5
i	5040	Fountain Bell+0	74766ac7
i	5041	Fountain Bell+1	73766934
i	5042	Fountain Bell+2	76766ded
i	5043	Fountain Bell+3	75766c5a
i	5044	Fountain Bell+4	7076647b
i	5045	Fountain Bell+5	6f7662e8
i	5046	Fountain Bell+6	727667a1
i	5047	Fountain Bell+7	7176660e
i	5048	Fountain Bell+8	6c765e2f
i	5049	Fountain Bell+9	6b765c9c
i	5050	Apricot Bell+0	7e2f78bc
i	5051	Apricot Bell+1	7f2f7a4f
i	5052	Apricot Bell+2	802f7be2
i	5053	Apricot Bell+3	812f7d75
i	5054	Apricot Bell+4	7a2f7270
i	5055	Apricot Bell+5	7b2f7403
i	5056	Apricot Bell+6	7c2f7596
i	5057	Apricot Bell+7	7d2f7729
i	5058	Apricot Bell+8	862f8554
i	5059	Apricot Bell+9	872f86e7
i	5060	Magical Bell+0	cb8c2b16
i	5061	Magical Bell+1	cc8c2ca9
i	5062	Magical Bell+2	c98c27f0
i	5063	Magical Bell+3	ca8c2983
i	5064	Magical Bell+4	cf8c3162
i	5065	Magical Bell+5	d08c32f5
i	5066	Magical Bell+6	cd8c2e3c
i	5067	Magical Bell+7	ce8c2fcf
i	5068	Magical Bell+8	d38c37ae
i	5069	Magical Bell+9	d48c3941
i	5070	Golden Bug Bell+0	d1e7eeb7
i	5071	Golden Bug Bell+1	d0e7ed24
i	5072	Golden Bug Bell+2	d3e7f1dd
i	5073	Golden Bug Bell+3	d2e7f04a
i	5074	Golden Bug Bell+4	cde7e86b
i	5075	Golden Bug Bell+5	cce7e6d8
i	5076	Golden Bug Bell+6	cfe7eb91
i	5077	Golden Bug Bell+7	cee7e9fe
i	5078	Golden Bug Bell+8	c9e7e21f
i	5079	Golden Bug Bell+9	c8e7e08c
i	5080	Steel Bug Bell+0	7bcc3c6b
i	5081	Steel Bug Bell+1	7acc3ad8
i	5082	Steel Bug Bell+2	7dcc3f91
i	5083	Steel Bug Bell+3	7ccc3dfe
i	5084	Steel Bug Bell+4	7fcc42b7
i	5085	Steel Bug Bell+5	7ecc4124
i	5086	Steel Bug Bell+6	81cc45dd
i	5087	Steel Bug Bell+7	80cc444a
i	5088	Steel Bug Bell+8	73cc2fd3
i	5089	Steel Bug Bell+9	72cc2e40
i	5090	Thunder Bird Bell+0	b81db641
i	5091	Thunder Bird Bell+1	b71db4ae
i	5092	Thunder Bird Bell+2	b61db31b
i	5093	Thunder Bird Bell+3	b51db188
i	5094	Thunder Bird Bell+4	bc1dbc8d
i	5095	Thunder Bird Bell+5	bb1dbafa
i	5096	Thunder Bird Bell+6	ba1db967
i	5097	Thunder Bird Bell+7	b91db7d4
i	5098	Thunder Bird Bell+8	b01da9a9
i	5099	Thunder Bird Bell+9	af1da816
i	5100	Heaven and Earth Bell+0	35aed58e
i	5101	Heaven and Earth Bell+1	36aed721
i	5102	Heaven and Earth Bell+2	33aed268
i	5103	Heaven and Earth Bell+3	34aed3fb
i	5104	Heaven and Earth Bell+4	39aedbda
i	5105	Heaven and Earth Bell+5	3aaedd6d
i	5106	Heaven and Earth Bell+6	37aed8b4
i	5107	Heaven and Earth Bell+7	38aeda47
i	5108	Heaven and Earth Bell+8	2daec8f6
i	5109	Heaven and Earth Bell+9	2eaeca89
i	5110	Antique Bell+0	0c5aead4
i	5111	Antique Bell+1	0d5aec67
i	5112	Antique Bell+2	0e5aedfa
i	5113	Antique Bell+3	0f5aef8d
i	5114	Antique Bell+4	085ae488
i	5115	Antique Bell+5	095ae61b
i	5116	Antique Bell+6	0a5ae7ae
i	5117	Antique Bell+7	0b5ae941
i	5118	Antique Bell+8	045ade3c
i	5119	Antique Bell+9	055adfcf
i	5120	Bamboo Bell+0	9884a7a9
i	5121	Bamboo Bell+1	9784a616
i	5122	Bamboo Bell+2	9684a483
i	5123	Bamboo Bell+3	9584a2f0
i	5124	Bamboo Bell+4	9c84adf5
i	5125	Bamboo Bell+5	9b84ac62
i	5126	Bamboo Bell+6	9a84aacf
i	5127	Bamboo Bell+7	9984a93c
i	5128	Bamboo Bell+8	a084b441
i	5129	Bamboo Bell+9	9f84b2ae
i	5130	Grim Reaper Bell+0	1e98154f
i	5131	Grim Reaper Bell+1	1d9813bc
i	5132	Grim Reaper Bell+2	20981875
i	5133	Grim Reaper Bell+3	1f9816e2
i	5134	Grim Reaper Bell+4	1a980f03
i	5135	Grim Reaper Bell+5	19980d70
i	5136	Grim Reaper Bell+6	1c981229
i	5137	Grim Reaper Bell+7	1b981096
i	5138	Grim Reaper Bell+8	269821e7
i	5139	Grim Reaper Bell+9	25982054
i	5140	Dragon Bell+0	6f5e9617
i	5141	Dragon Bell+1	6e5e9484
i	5142	Dragon Bell+2	715e993d
i	5143	Dragon Bell+3	705e97aa
i	5144	Dragon Bell+4	6b5e8fcb
i	5145	Dragon Bell+5	6a5e8e38
i	5146	Dragon Bell+6	6d5e92f1
i	5147	Dragon Bell+7	6c5e915e
i	5148	Dragon Bell+8	675e897f
i	5149	Dragon Bell+9	665e87ec
i	5150	Hibiscus Bell+0	e58b0f43
i	5151	Hibiscus Bell+1	e48b0db0
i	5152	Hibiscus Bell+2	e78b1269
i	5153	Hibiscus Bell+3	e68b10d6
i	5154	Hibiscus Bell+4	e98b158f
i	5155	Hibiscus Bell+5	e88b13fc
i	5156	Hibiscus Bell+6	eb8b18b5
i	5157	Hibiscus Bell+7	ea8b1722
i	5158	Hibiscus Bell+8	ed8b1bdb
i	5159	Hibiscus Bell+9	ec8b1a48
i	5330	Dragon Jaw Bell+0	0e717d3d
i	5331	Dragon Jaw Bell+1	0d717baa
i	5332	Dragon Jaw Bell+2	0c717a17
i	5333	Dragon Jaw Bell+3	0b717884
i	5334	Dragon Jaw Bell+4	0a7176f1
i	5335	Dragon Jaw Bell+5	0971755e
i	5336	Dragon Jaw Bell+6	087173cb
i	5337	Dragon Jaw Bell+7	07717238
i	5338	Dragon Jaw Bell+8	067170a5
i	5339	Dragon Jaw Bell+9	05716f12
i	5340	Dragon Ghost Bell +0	15f25be6
i	5341	Dragon Ghost Bell +1	16f25d79
i	5342	Dragon Ghost Bell +2	13f258c0
i	5343	Dragon Ghost Bell +3	14f25a53
i	5344	Dragon Ghost Bell +4	19f26232
i	5345	Dragon Ghost Bell +5	1af263c5
i	5346	Dragon Ghost Bell +6	17f25f0c
i	5347	Dragon Ghost Bell +7	18f2609f
i	5348	Dragon Ghost Bell +8	1df2687e
i	5349	Dragon Ghost Bell +9	1ef26a11
i	7000	Fan+0	d2caabe6
i	7001	Fan+1	d3caad79
i	7002	Fan+2	d0caa8c0
i	7003	Fan+3	d1caaa53
i	7004	Fan+4	d6cab232
i	7005	Fan+5	d7cab3c5
i	7006	Fan+6	d4caaf0c
i	7007	Fan+7	d5cab09f
i	7008	Fan+8	dacab87e
i	7009	Fan+9	dbcaba11
i	7010	Iron Fan+0	0e8a0c30
i	7011	Iron Fan+1	0f8a0dc3
i	7012	Iron Fan+2	108a0f56
i	7013	Iron Fan+3	118a10e9
i	7014	Iron Fan+4	128a127c
i	7015	Iron Fan+5	138a140f
i	7016	Iron Fan+6	148a15a2
i	7017	Iron Fan+7	158a1735
i	7018	Iron Fan+8	168a18c8
i	7019	Iron Fan+9	178a1a5b
i	7020	Black Tiger Fan+0	9564026e
i	7021	Black Tiger Fan+1	96640401
i	7022	Black Tiger Fan+2	9363ff48
i	7023	Black Tiger Fan+3	946400db
i	7024	Black Tiger Fan+4	996408ba
i	7025	Black Tiger Fan+5	9a640a4d
i	7026	Black Tiger Fan+6	97640594
i	7027	Black Tiger Fan+7	98640727
i	7028	Black Tiger Fan+8	8d63f5d6
i	7029	Black Tiger Fan+9	8e63f769
i	7030	Crane Wing Fan+0	9ed94453
i	7031	Crane Wing Fan+1	9dd942c0
i	7032	Crane Wing Fan+2	a0d94779
i	7033	Crane Wing Fan+3	9fd945e6
i	7034	Crane Wing Fan+4	a2d94a9f
i	7035	Crane Wing Fan+5	a1d9490c
i	7036	Crane Wing Fan+6	a4d94dc5
i	7037	Crane Wing Fan+7	a3d94c32
i	7038	Crane Wing Fan+8	a6d950eb
i	7039	Crane Wing Fan+9	a5d94f58
i	7040	Peacock Fan+0	2f4dc1f1
i	7041	Peacock Fan+1	2e4dc05e
i	7042	Peacock Fan+2	2d4dbecb
i	7043	Peacock Fan+3	2c4dbd38
i	7044	Peacock Fan+4	334dc83d
i	7045	Peacock Fan+5	324dc6aa
i	7046	Peacock Fan+6	314dc517
i	7047	Peacock Fan+7	304dc384
i	7048	Peacock Fan+8	274db559
i	7049	Peacock Fan+9	264db3c6
i	7050	Aquatic Fan+0	2dc365ef
i	7051	Aquatic Fan+1	2cc3645c
i	7052	Aquatic Fan+2	2fc36915
i	7053	Aquatic Fan+3	2ec36782
i	7054	Aquatic Fan+4	29c35fa3
i	7055	Aquatic Fan+5	28c35e10
i	7056	Aquatic Fan+6	2bc362c9
i	7057	Aquatic Fan+7	2ac36136
i	7058	Aquatic Fan+8	35c37287
i	7059	Aquatic Fan+9	34c370f4
i	7060	Stone Fan+0	16241360
i	7061	Stone Fan+1	172414f3
i	7062	Stone Fan+2	18241686
i	7063	Stone Fan+3	19241819
i	7064	Stone Fan+4	1a2419ac
i	7065	Stone Fan+5	1b241b3f
i	7066	Stone Fan+6	1c241cd2
i	7067	Stone Fan+7	1d241e65
i	7068	Stone Fan+8	1e241ff8
i	7069	Stone Fan+9	1f24218b
i	7070	Ocean Fan+0	0e05efa3
i	7071	Ocean Fan+1	0d05ee10
i	7072	Ocean Fan+2	1005f2c9
i	7073	Ocean Fan+3	0f05f136
i	7074	Ocean Fan+4	1205f5ef
i	7075	Ocean Fan+5	1105f45c
i	7076	Ocean Fan+6	1405f915
i	7077	Ocean Fan+7	1305f782
i	7078	Ocean Fan+8	1605fc3b
i	7079	Ocean Fan+9	1505faa8
i	7080	Sting Fan+0	41aa814c
i	7081	Sting Fan+1	42aa82df
i	7082	Sting Fan+2	43aa8472
i	7083	Sting Fan+3	44aa8605
i	7084	Sting Fan+4	3daa7b00
i	7085	Sting Fan+5	3eaa7c93
i	7086	Sting Fan+6	3faa7e26
i	7087	Sting Fan+7	40aa7fb9
i	7088	Sting Fan+8	49aa8de4
i	7089	Sting Fan+9	4aaa8f77
i	7090	Phoenix Fan+0	2a83a8ff
i	7091	Phoenix Fan+1	2983a76c
i	7092	Phoenix Fan+2	2c83ac25
i	7093	Phoenix Fan+3	2b83aa92
i	7094	Phoenix Fan+4	2683a2b3
i	7095	Phoenix Fan+5	2583a120
i	7096	Phoenix Fan+6	2883a5d9
i	7097	Phoenix Fan+7	2783a446
i	7098	Phoenix Fan+8	3283b597
i	7099	Phoenix Fan+9	3183b404
i	7100	Triple Fan+0	d4bd6051
i	7101	Triple Fan+1	d3bd5ebe
i	7102	Triple Fan+2	d2bd5d2b
i	7103	Triple Fan+3	d1bd5b98
i	7104	Triple Fan+4	d8bd669d
i	7105	Triple Fan+5	d7bd650a
i	7106	Triple Fan+6	d6bd6377
i	7107	Triple Fan+7	d5bd61e4
i	7108	Triple Fan+8	ccbd53b9
i	7109	Triple Fan+9	cbbd5226
i	7110	Eyebrow Fan+0	53e26cc8
i	7111	Eyebrow Fan+1	54e26e5b
i	7112	Eyebrow Fan+2	55e26fee
i	7113	Eyebrow Fan+3	56e27181
i	7114	Eyebrow Fan+4	57e27314
i	7115	Eyebrow Fan+5	58e274a7
i	7116	Eyebrow Fan+6	59e2763a
i	7117	Eyebrow Fan+7	5ae277cd
i	7118	Eyebrow Fan+8	4be26030
i	7119	Eyebrow Fan+9	4ce261c3
i	7120	Sun Fan+0	0fa80ba8
i	7121	Sun Fan+1	10a80d3b
i	7122	Sun Fan+2	11a80ece
i	7123	Sun Fan+3	12a81061
i	7124	Sun Fan+4	13a811f4
i	7125	Sun Fan+5	14a81387
i	7126	Sun Fan+6	15a8151a
i	7127	Sun Fan+7	16a816ad
i	7128	Sun Fan+8	07a7ff10
i	7129	Sun Fan+9	08a800a3
i	7130	Heavenly Bird Fan+0	fcfb9c4d
i	7131	Heavenly Bird Fan+1	fbfb9aba
i	7132	Heavenly Bird Fan+2	fafb9927
i	7133	Heavenly Bird Fan+3	f9fb9794
i	7134	Heavenly Bird Fan+4	f8fb9601
i	7135	Heavenly Bird Fan+5	f7fb946e
i	7136	Heavenly Bird Fan+6	f6fb92db
i	7137	Heavenly Bird Fan+7	f5fb9148
i	7138	Heavenly Bird Fan+8	f4fb8fb5
i	7139	Heavenly Bird Fan+9	f3fb8e22
i	7140	Salvation Fan+0	95c78e88
i	7141	Salvation Fan+1	96c7901b
i	7142	Salvation Fan+2	97c791ae
i	7143	Salvation Fan+3	98c79341
i	7144	Salvation Fan+4	99c794d4
i	7145	Salvation Fan+5	9ac79667
i	7146	Salvation Fan+6	9bc797fa
i	7147	Salvation Fan+7	9cc7998d
i	7148	Salvation Fan+8	8dc781f0
i	7149	Salvation Fan+9	8ec78383
i	7150	Ecstasy Fan+0	ec6e0516
i	7151	Ecstasy Fan+1	ed6e06a9
i	7152	Ecstasy Fan+2	ea6e01f0
i	7153	Ecstasy Fan+3	eb6e0383
i	7154	Ecstasy Fan+4	f06e0b62
i	7155	Ecstasy Fan+5	f16e0cf5
i	7156	Ecstasy Fan+6	ee6e083c
i	7157	Ecstasy Fan+7	ef6e09cf
i	7158	Ecstasy Fan+8	f46e11ae
i	7159	Ecstasy Fan+9	f56e1341
i	7160	Autumn Wind Fan+0	297d861e
i	7161	Autumn Wind Fan+1	2a7d87b1
i	7162	Autumn Wind Fan+2	277d82f8
i	7163	Autumn Wind Fan+3	287d848b
i	7164	Autumn Wind Fan+4	2d7d8c6a
i	7165	Autumn Wind Fan+5	2e7d8dfd
i	7166	Autumn Wind Fan+6	2b7d8944
i	7167	Autumn Wind Fan+7	2c7d8ad7
i	7168	Autumn Wind Fan+8	217d7986
i	7169	Autumn Wind Fan+9	227d7b19
i	7170	Lying Dragon Fan+0	d888188f
i	7171	Lying Dragon Fan+1	d78816fc
i	7172	Lying Dragon Fan+2	da881bb5
i	7173	Lying Dragon Fan+3	d9881a22
i	7174	Lying Dragon Fan+4	d4881243
i	7175	Lying Dragon Fan+5	d38810b0
i	7176	Lying Dragon Fan+6	d6881569
i	7177	Lying Dragon Fan+7	d58813d6
i	7178	Lying Dragon Fan+8	e0882527
i	7179	Lying Dragon Fan+9	df882394
i	7180	Eight Trigrams Fan+0	4e6de826
i	7181	Eight Trigrams Fan+1	4f6de9b9
i	7182	Eight Trigrams Fan+2	4c6de500
i	7183	Eight Trigrams Fan+3	4d6de693
i	7184	Eight Trigrams Fan+4	526dee72
i	7185	Eight Trigrams Fan+5	536df005
i	7186	Eight Trigrams Fan+6	506deb4c
i	7187	Eight Trigrams Fan+7	516decdf
i	7188	Eight Trigrams Fan+8	566df4be
i	7189	Eight Trigrams Fan+9	576df651
i	7190	Demon Fan+0	e078ceee
i	7191	Demon Fan+1	e178d081
i	7192	Demon Fan+2	de78cbc8
i	7193	Demon Fan+3	df78cd5b
i	7194	Demon Fan+4	e478d53a
i	7195	Demon Fan+5	e578d6cd
i	7196	Demon Fan+6	e278d214
i	7197	Demon Fan+7	e378d3a7
i	7198	Demon Fan+8	d878c256
i	7199	Demon Fan+9	d978c3e9
i	7200	Lance+0	faf06cbb
i	7201	Lance+1	f9f06b28
i	7202	Lance+2	fcf06fe1
i	7203	Lance+3	fbf06e4e
i	7204	Lance+4	fef07307
i	7205	Lance+5	fdf07174
i	7206	Lance+6	00f0762d
i	7207	Lance+7	fff0749a
i	7208	Lance+8	f2f06023
i	7209	Lance+9	f1f05e90
i	7370	Lying Dragon Fan+0	d888188f
i	7371	Lying Dragon Fan+1	d78816fc
i	7372	Lying Dragon Fan+2	da881bb5
i	7373	Lying Dragon Fan+3	d9881a22
i	7374	Lying Dragon Fan+4	d4881243
i	7375	Lying Dragon Fan+5	d38810b0
i	7376	Lying Dragon Fan+6	d6881569
i	7377	Lying Dragon Fan+7	d58813d6
i	7378	Lying Dragon Fan+8	e0882527
i	7379	Lying Dragon Fan+9	df882394
i	8000	Wooden Arrow	7d1d1636
i	8001	Bamboo Arrow	93f978f6
i	8002	Stone Arrow	1fb4a24b
i	8003	Iron Arrow	7ea21f7b
i	8004	Steel Arrow	a9fd7272
i	8005	Silver Arrow	5d019c6c
i	8006	Fire Arrow	ac2621a2
i	8007	Poison Arrow	127ea3f5
i	8008	Ice Arrow	cd2f658f
i	8009	Cursed Arrow	ba120698
i	8101	Bamboo Arrowhead	344a6bde
i	8102	Stone Arrowhead	934750b1
i	8103	Iron Arrowhead	d67bed81
i	8104	Steel Arrowhead	90c8c502
i	8105	Silver Arrowhead	eb61cc0c
i	9001	Nahan Armour+5	fb0ae433
i	9002	Tanma Armour+5	78f81faa
i	9003	Jinhon Armour+5	a8305d4f
i	9004	Chung Armour+5	e1a5c356
i	9501	Sword+5	79bfbe5f
i	9502	Short Sword+5	3549bff7
i	9503	Short Arrow+5	9be50f41
i	9504	Long Sword+5	4f394163
i	9505	Big Fan+5	90b2ec4a
i	11000	Wolf Armour	6cb74da3
i	11010	Wild Boar Armour	d8906c48
i	11020	Bear Armour	61178fcd
i	11030	Tiger Armour	30a193d2
i	11200	Monk Plate Armour+0	44830ffd
i	11201	Monk Plate Armour+1	43830e6a
i	11202	Monk Plate Armour+2	42830cd7
i	11203	Monk Plate Armour+3	41830b44
i	11204	Monk Plate Armour+4	408309b1
i	11205	Monk Plate Armour+5	3f83081e
i	11206	Monk Plate Armour+6	3e83068b
i	11207	Monk Plate Armour+7	3d8304f8
i	11208	Monk Plate Armour+8	3c830365
i	11209	Monk Plate Armour+9	3b8301d2
i	11210	Iron Plate Armour+0	2bb9e3de
i	11211	Iron Plate Armour+1	2cb9e571
i	11212	Iron Plate Armour+2	29b9e0b8
i	11213	Iron Plate Armour+3	2ab9e24b
i	11214	Iron Plate Armour+4	2fb9ea2a
i	11215	Iron Plate Armour+5	30b9ebbd
i	11216	Iron Plate Armour+6	2db9e704
i	11217	Iron Plate Armour+7	2eb9e897
i	11218	Iron Plate Armour+8	23b9d746
i	11219	Iron Plate Armour+9	24b9d8d9
i	11220	Tiger Plate Armour+0	bad6f921
i	11221	Tiger Plate Armour+1	b9d6f78e
i	11222	Tiger Plate Armour+2	b8d6f5fb
i	11223	Tiger Plate Armour+3	b7d6f468
i	11224	Tiger Plate Armour+4	bed6ff6d
i	11225	Tiger Plate Armour+5	bdd6fdda
i	11226	Tiger Plate Armour+6	bcd6fc47
i	11227	Tiger Plate Armour+7	bbd6fab4
i	11228	Tiger Plate Armour+8	b2d6ec89
i	11229	Tiger Plate Armour+9	b1d6eaf6
i	11230	Lion Plate Armour+0	8067a22e
i	11231	Lion Plate Armour+1	8167a3c1
i	11232	Lion Plate Armour+2	7e679f08
i	11233	Lion Plate Armour+3	7f67a09b
i	11234	Lion Plate Armour+4	8467a87a
i	11235	Lion Plate Armour+5	8567aa0d
i	11236	Lion Plate Armour+6	8267a554
i	11237	Lion Plate Armour+7	8367a6e7
i	11238	Lion Plate Armour+8	78679596
i	11239	Lion Plate Armour+9	79679729
i	11240	Lethal Plate Armour+0	6a9323c0
i	11241	Lethal Plate Armour+1	6b932553
i	11242	Lethal Plate Armour+2	6c9326e6
i	11243	Lethal Plate Armour+3	6d932879
i	11244	Lethal Plate Armour+4	6e932a0c
i	11245	Lethal Plate Armour+5	6f932b9f
i	11246	Lethal Plate Armour+6	70932d32
i	11247	Lethal Plate Armour+7	71932ec5
i	11248	Lethal Plate Armour+8	72933058
i	11249	Lethal Plate Armour+9	739331eb
i	11250	Dragon Plate Armour+0	ee8fecf6
i	11251	Dragon Plate Armour+1	ef8fee89
i	11252	Dragon Plate Armour+2	ec8fe9d0
i	11253	Dragon Plate Armour+3	ed8feb63
i	11254	Dragon Plate Armour+4	f28ff342
i	11255	Dragon Plate Armour+5	f38ff4d5
i	11256	Dragon Plate Armour+6	f08ff01c
i	11257	Dragon Plate Armour+7	f18ff1af
i	11258	Dragon Plate Armour+8	f68ff98e
i	11259	Dragon Plate Armour+9	f78ffb21
i	11260	Scale Plate Armour+0	d10707fe
i	11261	Scale Plate Armour+1	d2070991
i	11262	Scale Plate Armour+2	cf0704d8
i	11263	Scale Plate Armour+3	d007066b
i	11264	Scale Plate Armour+4	d5070e4a
i	11265	Scale Plate Armour+5	d6070fdd
i	11266	Scale Plate Armour+6	d3070b24
i	11267	Scale Plate Armour+7	d4070cb7
i	11268	Scale Plate Armour+8	c906fb66
i	11269	Scale Plate Armour+9	ca06fcf9
i	11270	Gold Plate Armour+0	b8c77f7c
i	11271	Gold Plate Armour+1	b9c7810f
i	11272	Gold Plate Armour+2	bac782a2
i	11273	Gold Plate Armour+3	bbc78435
i	11274	Gold Plate Armour+4	b4c77930
i	11275	Gold Plate Armour+5	b5c77ac3
i	11276	Gold Plate Armour+6	b6c77c56
i	11277	Gold Plate Armour+7	b7c77de9
i	11278	Gold Plate Armour+8	c0c78c14
i	11279	Gold Plate Armour+9	c1c78da7
i	11280	Dragon God Armour+0	1661b22d
i	11281	Dragon God Armour+1	1561b09a
i	11282	Dragon God Armour+2	1461af07
i	11283	Dragon God Armour+3	1361ad74
i	11284	Dragon God Armour+4	1261abe1
i	11285	Dragon God Armour+5	1161aa4e
i	11286	Dragon God Armour+6	1061a8bb
i	11287	Dragon God Armour+7	0f61a728
i	11288	Dragon God Armour+8	0e61a595
i	11289	Dragon God Armour+9	0d61a402
i	11290	Black Steel Armour+0	c68dca08
i	11291	Black Steel Armour+1	c78dcb9b
i	11292	Black Steel Armour+2	c88dcd2e
i	11293	Black Steel Armour+3	c98dcec1
i	11294	Black Steel Armour+4	ca8dd054
i	11295	Black Steel Armour+5	cb8dd1e7
i	11296	Black Steel Armour+6	cc8dd37a
i	11297	Black Steel Armour+7	cd8dd50d
i	11298	Black Steel Armour+8	be8dbd70
i	11299	Black Steel Armour+9	bf8dbf03
i	11300	Malleability	029812e2
i	11301	Malleability	029812e2
i	11302	Good Endurance	53d07a60
i	11303	Weak Armour	c9496bdf
i	11304	Enemy Wall	1c4b17f5
i	11305	Intelligence	0d2a48b0
i	11306	Soldiers	86346517
i	11307	Superior Shoes	8daf600b
i	11308	Endurance of Enemy	ce742e72
i	11309	Other Enemy Endurance	ae62cc06
i	11400	Azure Suit+0	c0e95844
i	11401	Azure Suit+1	c1e959d7
i	11402	Azure Suit+2	c2e95b6a
i	11403	Azure Suit+3	c3e95cfd
i	11404	Azure Suit+4	bce951f8
i	11405	Azure Suit+5	bde9538b
i	11406	Azure Suit+6	bee9551e
i	11407	Azure Suit+7	bfe956b1
i	11408	Azure Suit+8	b8e94bac
i	11409	Azure Suit+9	b9e94d3f
i	11410	Ivory Suit+0	5b99c56e
i	11411	Ivory Suit+1	5c99c701
i	11412	Ivory Suit+2	5999c248
i	11413	Ivory Suit+3	5a99c3db
i	11414	Ivory Suit+4	5f99cbba
i	11415	Ivory Suit+5	6099cd4d
i	11416	Ivory Suit+6	5d99c894
i	11417	Ivory Suit+7	5e99ca27
i	11418	Ivory Suit+8	5399b8d6
i	11419	Ivory Suit+9	5499ba69
i	11420	Crimson Suit+0	94d6b971
i	11421	Crimson Suit+1	93d6b7de
i	11422	Crimson Suit+2	92d6b64b
i	11423	Crimson Suit+3	91d6b4b8
i	11424	Crimson Suit+4	98d6bfbd
i	11425	Crimson Suit+5	97d6be2a
i	11426	Crimson Suit+6	96d6bc97
i	11427	Crimson Suit+7	95d6bb04
i	11428	Crimson Suit+8	8cd6acd9
i	11429	Crimson Suit+9	8bd6ab46
i	11430	Red Ant Suit+0	acab8b99
i	11431	Red Ant Suit+1	abab8a06
i	11432	Red Ant Suit+2	aaab8873
i	11433	Red Ant Suit+3	a9ab86e0
i	11434	Red Ant Suit+4	b0ab91e5
i	11435	Red Ant Suit+5	afab9052
i	11436	Red Ant Suit+6	aeab8ebf
i	11437	Red Ant Suit+7	adab8d2c
i	11438	Red Ant Suit+8	b4ab9831
i	11439	Red Ant Suit+9	b3ab969e
i	11440	Ant Lion Suit+0	f57c2e6c
i	11441	Ant Lion Suit+1	f67c2fff
i	11442	Ant Lion Suit+2	f77c3192
i	11443	Ant Lion Suit+3	f87c3325
i	11444	Ant Lion Suit+4	f17c2820
i	11445	Ant Lion Suit+5	f27c29b3
i	11446	Ant Lion Suit+6	f37c2b46
i	11447	Ant Lion Suit+7	f47c2cd9
i	11448	Ant Lion Suit+8	fd7c3b04
i	11449	Ant Lion Suit+9	fe7c3c97
i	11450	Ninja Suit+0	1a78cd3a
i	11451	Ninja Suit+1	1b78cecd
i	11452	Ninja Suit+2	1878ca14
i	11453	Ninja Suit+3	1978cba7
i	11454	Ninja Suit+4	1678c6ee
i	11455	Ninja Suit+5	1778c881
i	11456	Ninja Suit+6	1478c3c8
i	11457	Ninja Suit+7	1578c55b
i	11458	Ninja Suit+8	1278c0a2
i	11459	Ninja Suit+9	1378c235
i	11460	Young Dragon Suit+0	0e2c277f
i	11461	Young Dragon Suit+1	0d2c25ec
i	11462	Young Dragon Suit+2	102c2aa5
i	11463	Young Dragon Suit+3	0f2c2912
i	11464	Young Dragon Suit+4	0a2c2133
i	11465	Young Dragon Suit+5	092c1fa0
i	11466	Young Dragon Suit+6	0c2c2459
i	11467	Young Dragon Suit+7	0b2c22c6
i	11468	Young Dragon Suit+8	162c3417
i	11469	Young Dragon Suit+9	152c3284
i	11470	Killer Wind Suit+0	5817638c
i	11471	Killer Wind Suit+1	5917651f
i	11472	Killer Wind Suit+2	5a1766b2
i	11473	Killer Wind Suit+3	5b176845
i	11474	Killer Wind Suit+4	54175d40
i	11475	Killer Wind Suit+5	55175ed3
i	11476	Killer Wind Suit+6	56176066
i	11477	Killer Wind Suit+7	571761f9
i	11478	Killer Wind Suit+8	60177024
i	11479	Killer Wind Suit+9	611771b7
i	11480	Fuchsia Suit+0	065f0551
i	11481	Fuchsia Suit+1	055f03be
i	11482	Fuchsia Suit+2	045f022b
i	11483	Fuchsia Suit+3	035f0098
i	11484	Fuchsia Suit+4	0a5f0b9d
i	11485	Fuchsia Suit+5	095f0a0a
i	11486	Fuchsia Suit+6	085f0877
i	11487	Fuchsia Suit+7	075f06e4
i	11488	Fuchsia Suit+8	fe5ef8b9
i	11489	Fuchsia Suit+9	fd5ef726
i	11490	Black Wind Suit+0	c6609188
i	11491	Black Wind Suit+1	c760931b
i	11492	Black Wind Suit+2	c86094ae
i	11493	Black Wind Suit+3	c9609641
i	11494	Black Wind Suit+4	ca6097d4
i	11495	Black Wind Suit+5	cb609967
i	11496	Black Wind Suit+6	cc609afa
i	11497	Black Wind Suit+7	cd609c8d
i	11498	Black Wind Suit+8	be6084f0
i	11499	Black Wind Suit+9	bf608683
i	11500	Gang-Ma	8b720503
i	11501	Zung-Seon	8e629737
i	11502	Chung-Zin	26c1c05a
i	11503	Ho-Young	715eef7d
i	11504	Young-Seon	93ad33d3
i	11505	Su-Sin	03db4a22
i	11506	O-Gyo	85112672
i	11507	Bi-Pung	10f6cb83
i	11508	Zeok-Hyoun	7875cd00
i	11509	Ho-Gu	a78065e7
i	11600	Requiem Plate Armour+0	7738e757
i	11601	Requiem Plate Armour+1	7638e5c4
i	11602	Requiem Plate Armour+2	7938ea7d
i	11603	Requiem Plate Armour+3	7838e8ea
i	11604	Requiem Plate Armour+4	7338e10b
i	11605	Requiem Plate Armour+5	7238df78
i	11606	Requiem Plate Armour+6	7538e431
i	11607	Requiem Plate Armour+7	7438e29e
i	11608	Requiem Plate Armour+8	6f38dabf
i	11609	Requiem Plate Armour+9	6e38d92c
i	11610	Storm Plate Armour+0	53566831
i	11611	Storm Plate Armour+1	5256669e
i	11612	Storm Plate Armour+2	5156650b
i	11613	Storm Plate Armour+3	50566378
i	11614	Storm Plate Armour+4	57566e7d
i	11615	Storm Plate Armour+5	56566cea
i	11616	Storm Plate Armour+6	55566b57
i	11617	Storm Plate Armour+7	545669c4
i	11618	Storm Plate Armour+8	4b565b99
i	11619	Storm Plate Armour+9	4a565a06
i	11620	Misfortune  Armour+0	9942a066
i	11621	Misfortune  Armour+1	9a42a1f9
i	11622	Misfortune Armour+2	97429d40
i	11623	Misfortune Armour+3	98429ed3
i	11624	Misfortune Armour+4	9d42a6b2
i	11625	Misfortune Armour+5	9e42a845
i	11626	Misfortune Armour+6	9b42a38c
i	11627	Misfortune Armour+7	9c42a51f
i	11628	Misfortune Armour+8	a142acfe
i	11629	Misfortune Armour+9	a242ae91
i	11630	Ghost Plate Armour+0	d897b696
i	11631	Ghost Plate Armour+1	d997b829
i	11632	Ghost Plate Armour+2	d697b370
i	11633	Ghost Plate Armour+3	d797b503
i	11634	Ghost Plate Armour+4	dc97bce2
i	11635	Ghost Plate Armour+5	dd97be75
i	11636	Ghost Plate Armour+6	da97b9bc
i	11637	Ghost Plate Armour+7	db97bb4f
i	11638	Ghost Plate Armour+8	e097c32e
i	11639	Ghost Plate Armour+9	e197c4c1
i	11640	Yin and Yang Armour+0	9c1a3d56
i	11641	Yin and Yang Armour+1	9d1a3ee9
i	11642	Yin and Yang Armour+2	9a1a3a30
i	11643	Yin and Yang Armour+3	9b1a3bc3
i	11644	Yin and Yang Armour+4	a01a43a2
i	11645	Yin and Yang Armour+5	a11a4535
i	11646	Yin and Yang Armour+6	9e1a407c
i	11647	Yin and Yang Armour+7	9f1a420f
i	11648	Yin and Yang Armour+8	a41a49ee
i	11649	Yin and Yang Armour+9	a51a4b81
i	11650	Mystic Plate Armour+0	ddf1e1d6
i	11651	Mystic Plate Armour+1	def1e369
i	11652	Mystic Plate Armour+2	dbf1deb0
i	11653	Mystic Plate Armour+3	dcf1e043
i	11654	Mystic Plate Armour+4	e1f1e822
i	11655	Mystic Plate Armour+5	e2f1e9b5
i	11656	Mystic Plate Armour+6	dff1e4fc
i	11657	Mystic Plate Armour+7	e0f1e68f
i	11658	Mystic Plate Armour+8	e5f1ee6e
i	11659	Mystic Plate Armour+9	e6f1f001
i	11660	Fog Plate Armour+0	f913456b
i	11661	Fog Plate Armour+1	f81343d8
i	11662	Fog Plate Armour+2	fb134891
i	11663	Fog Plate Armour+3	fa1346fe
i	11664	Fog Plate Armour+4	fd134bb7
i	11665	Fog Plate Armour+5	fc134a24
i	11666	Fog Plate Armour+6	ff134edd
i	11667	Fog Plate Armour+7	fe134d4a
i	11668	Fog Plate Armour+8	f11338d3
i	11669	Fog Plate Armour+9	f0133740
i	11670	Ghost Mask Armour+0	29f90aca
i	11671	Ghost Mask Armour+1	2af90c5d
i	11672	Ghost Mask Armour+2	27f907a4
i	11673	Ghost Mask Armour+3	28f90937
i	11674	Ghost Mask Armour+4	25f9047e
i	11675	Ghost Mask Armour+5	26f90611
i	11676	Ghost Mask Armour+6	23f90158
i	11677	Ghost Mask Armour+7	24f902eb
i	11678	Ghost Mask Armour+8	21f8fe32
i	11679	Ghost Mask Armour+9	22f8ffc5
i	11680	Spirit Plate Armour+0	ee57acb1
i	11681	Spirit Plate Armour+1	ed57ab1e
i	11682	Spirit Plate Armour+2	ec57a98b
i	11683	Spirit Plate Armour+3	eb57a7f8
i	11684	Spirit Plate Armour+4	f257b2fd
i	11685	Spirit Plate Armour+5	f157b16a
i	11686	Spirit Plate Armour+6	f057afd7
i	11687	Spirit Plate Armour+7	ef57ae44
i	11688	Spirit Plate Armour+8	e657a019
i	11689	Spirit Plate Armour+9	e5579e86
i	11690	Magic Plate Armour+0	6ba28229
i	11691	Magic Plate Armour+1	6aa28096
i	11692	Magic Plate Armour+2	69a27f03
i	11693	Magic Plate Armour+3	68a27d70
i	11694	Magic Plate Armour+4	6fa28875
i	11695	Magic Plate Armour+5	6ea286e2
i	11696	Magic Plate Armour+6	6da2854f
i	11697	Magic Plate Armour+7	6ca283bc
i	11698	Magic Plate Armour+8	73a28ec1
i	11699	Magic Plate Armour+9	72a28d2e
i	11700	Gang-Ryoung-Gab	f880c368
i	11701	Geuk-Hon-Gab	e912cdee
i	11702	Ha-An-Gab	05b28999
i	11703	Bi-Sang-Gab	a905ba6b
i	11704	Ya-Sang-Gab	decc9fee
i	11705	Noe-Un-Gab	771f7010
i	11706	Zeok-Sang-Gab	e8705701
i	11707	Heuk-Gui-Gab	66ad61c7
i	11708	Ma-Sin-Gab	28b98ea3
i	11709	Ma-Ryoung-Sin-Gab	4afaeab8
i	11800	Crimson Clothing+0	08553309
i	11801	Crimson Clothing+1	07553176
i	11802	Crimson Clothing+2	06552fe3
i	11803	Crimson Clothing+3	05552e50
i	11804	Crimson Clothing+4	0c553955
i	11805	Crimson Clothing+5	0b5537c2
i	11806	Crimson Clothing+6	0a55362f
i	11807	Crimson Clothing+7	0955349c
i	11808	Crimson Clothing+8	10553fa1
i	11809	Crimson Clothing+9	0f553e0e
i	11810	Turquoise Clothing+0	041da7d6
i	11811	Turquoise Clothing+1	051da969
i	11812	Turquoise Clothing+2	021da4b0
i	11813	Turquoise Clothing+3	031da643
i	11814	Turquoise Clothing+4	081dae22
i	11815	Turquoise Clothing+5	091dafb5
i	11816	Turquoise Clothing+6	061daafc
i	11817	Turquoise Clothing+7	071dac8f
i	11818	Turquoise Clothing+8	0c1db46e
i	11819	Turquoise Clothing+9	0d1db601
i	11820	Pink Clothing+0	b170a060
i	11821	Pink Clothing+1	b270a1f3
i	11822	Pink Clothing+2	b370a386
i	11823	Pink Clothing+3	b470a519
i	11824	Pink Clothing+4	b570a6ac
i	11825	Pink Clothing+5	b670a83f
i	11826	Pink Clothing+6	b770a9d2
i	11827	Pink Clothing+7	b870ab65
i	11828	Pink Clothing+8	b970acf8
i	11829	Pink Clothing+9	ba70ae8b
i	11830	Amorous Clothing+0	8e91c0f7
i	11831	Amorous Clothing+1	8d91bf64
i	11832	Amorous Clothing+2	9091c41d
i	11833	Amorous Clothing+3	8f91c28a
i	11834	Amorous Clothing+4	8a91baab
i	11835	Amorous Clothing+5	8991b918
i	11836	Amorous Clothing+6	8c91bdd1
i	11837	Amorous Clothing+7	8b91bc3e
i	11838	Amorous Clothing+8	8691b45f
i	11839	Amorous Clothing+9	8591b2cc
i	11840	Heavenly Clothing+0	94658d56
i	11841	Heavenly Clothing+1	95658ee9
i	11842	Heavenly Clothing+2	92658a30
i	11843	Heavenly Clothing+3	93658bc3
i	11844	Heavenly Clothing+4	986593a2
i	11845	Heavenly Clothing+5	99659535
i	11846	Heavenly Clothing+6	9665907c
i	11847	Heavenly Clothing+7	9765920f
i	11848	Heavenly Clothing+8	9c6599ee
i	11849	Heavenly Clothing+9	9d659b81
i	11850	Sun Clothing+0	34ab8b1d
i	11851	Sun Clothing+1	33ab898a
i	11852	Sun Clothing+2	32ab87f7
i	11853	Sun Clothing+3	31ab8664
i	11854	Sun Clothing+4	30ab84d1
i	11855	Sun Clothing+5	2fab833e
i	11856	Sun Clothing+6	2eab81ab
i	11857	Sun Clothing+7	2dab8018
i	11858	Sun Clothing+8	2cab7e85
i	11859	Sun Clothing+9	2bab7cf2
i	11860	Clothing of Morality+0	37eeb22b
i	11861	Clothing of Morality+1	36eeb098
i	11862	Clothing of Morality+2	39eeb551
i	11863	Clothing of Morality+3	38eeb3be
i	11864	Clothing of Morality+4	3beeb877
i	11865	Clothing of Morality+5	3aeeb6e4
i	11866	Clothing of Morality+6	3deebb9d
i	11867	Clothing of Morality+7	3ceeba0a
i	11868	Clothing of Morality+8	2feea593
i	11869	Clothing of Morality+9	2eeea400
i	11870	Orange Cat Dress+0	52d2f5f1
i	11871	Orange Cat Dress+1	51d2f45e
i	11872	Orange Cat Dress+2	50d2f2cb
i	11873	Orange Cat Dress+3	4fd2f138
i	11874	Orange Cat Dress+4	56d2fc3d
i	11875	Orange Cat Dress+5	55d2faaa
i	11876	Orange Cat Dress+6	54d2f917
i	11877	Orange Cat Dress+7	53d2f784
i	11878	Orange Cat Dress+8	4ad2e959
i	11879	Orange Cat Dress+9	49d2e7c6
i	11880	Baroness Dress+0	0cecb205
i	11881	Baroness Dress+1	0becb072
i	11882	Baroness Dress+2	0aecaedf
i	11883	Baroness Dress+3	09ecad4c
i	11884	Baroness Dress+4	08ecabb9
i	11885	Baroness Dress+5	07ecaa26
i	11886	Baroness Dress+6	06eca893
i	11887	Baroness Dress+7	05eca700
i	11888	Baroness Dress+8	14ecbe9d
i	11889	Baroness Dress+9	13ecbd0a
i	11890	Black Clothing+0	dc3c4122
i	11891	Black Clothing+1	dd3c42b5
i	11892	Black Clothing+2	da3c3dfc
i	11893	Black Clothing+3	db3c3f8f
i	11894	Black Clothing+4	d83c3ad6
i	11895	Black Clothing+5	d93c3c69
i	11896	Black Clothing+6	d63c37b0
i	11897	Black Clothing+7	d73c3943
i	11898	Black Clothing+8	e43c4dba
i	11899	Black Clothing+9	e53c4f4d
i	11901	Tuxedo	7be9a9d1
i	11902	Tuxedo	7be9a9d1
i	11903	Wedding Dress	285e081c
i	11904	Wedding Dress	285e081c
i	11911	Tuxedo	7be9a9d1
i	11912	Tuxedo	7be9a9d1
i	11913	Wedding Dress	285e081c
i	11914	Wedding Dress	285e081c
i	11951	Monk Plate Armour	02616dd9
i	11952	Azure Suit	5f179bdf
i	11953	Requiem Plate Armour	eb2e5224
i	11954	Crimson Clothing	c59ac2ba
i	11971	Hwang Armour	fb378728
i	11972	Red Hwang Armour	ed4fb92f
i	11973	Zin-Hwang Armour	8ba144f4
i	11974	Sang-Hwang Armour	6b8baa34
i	12000	Aqua Clothing+0	e70d5f0c
i	12001	Aqua Clothing+1	e80d609f
i	12002	Aqua Clothing+2	e90d6232
i	12003	Aqua Clothing+3	ea0d63c5
i	12004	Aqua Clothing+4	e30d58c0
i	12005	Aqua Clothing+5	e40d5a53
i	12006	Aqua Clothing+6	e50d5be6
i	12007	Aqua Clothing+7	e60d5d79
i	12008	Aqua Clothing+8	ef0d6ba4
i	12009	Aqua Clothing+9	f00d6d37
i	12010	Bluesteel Armour +0	cc8af6ef
i	12011	Blue Steel Armour +1	cb8af55c
i	12012	Blue Steel Armour +2	ce8afa15
i	12013	Blue Steel Armour +3	cd8af882
i	12014	Blue Steel Armour +4	c88af0a3
i	12015	Blue Steel Armour +5	c78aef10
i	12016	Blue Steel Armour +6	ca8af3c9
i	12017	Blue Steel Armour +7	c98af236
i	12018	Blue Steel Armour +8	d48b0387
i	12019	Blue Steel Armour +9	d38b01f4
i	12020	Blue Dragon Suit +0	b52456bb
i	12021	Blue Dragon Suit +1	b4245528
i	12022	Blue Dragon Suit +2	b72459e1
i	12023	Blue Dragon Suit +3	b624584e
i	12024	Blue Dragon Suit +4	b9245d07
i	12025	Blue Dragon Suit +5	b8245b74
i	12026	Blue Dragon Suit +6	bb24602d
i	12027	Blue Dragon Suit +7	ba245e9a
i	12028	Blue Dragon Suit +8	ad244a23
i	12029	Blue Dragon Suit +9	ac244890
i	12030	Aura Plate Armour +0	d9c95536
i	12031	Aura Plate Armour +1	dac956c9
i	12032	Aura Plate Armour +2	d7c95210
i	12033	Aura Plate Armour +3	d8c953a3
i	12034	Aura Plate Armour +4	ddc95b82
i	12035	Aura Plate Armour +5	dec95d15
i	12036	Aura Plate Armour +6	dbc9585c
i	12037	Aura Plate Armour +7	dcc959ef
i	12038	Aura Plate Armour +8	e1c961ce
i	12039	Aura Plate Armour +9	e2c96361
i	12040	Dragon Clothing +0	d9dc8c72
i	12041	Dragon Clothing +1	dadc8e05
i	12042	Dragon Clothing +2	d7dc894c
i	12043	Dragon Clothing +3	d8dc8adf
i	12044	Dragon Clothing +4	d5dc8626
i	12045	Dragon Clothing +5	d6dc87b9
i	12046	Dragon Clothing +6	d3dc8300
i	12047	Dragon Clothing +7	d4dc8493
i	12048	Dragon Clothing +8	e1dc990a
i	12049	Dragon Clothing +9	e2dc9a9d
i	12200	Traditional Helmet+0	b6381204
i	12201	Traditional Helmet+1	b7381397
i	12202	Traditional Helmet+2	b838152a
i	12203	Traditional Helmet+3	b93816bd
i	12204	Traditional Helmet+4	b2380bb8
i	12205	Traditional Helmet+5	b3380d4b
i	12206	Traditional Helmet+6	b4380ede
i	12207	Traditional Helmet+7	b5381071
i	12208	Traditional Helmet+8	ae38056c
i	12209	Traditional Helmet+9	af3806ff
i	12220	Iron Helmet+0	2c657923
i	12221	Iron Helmet+1	2b657790
i	12222	Iron Helmet+2	2e657c49
i	12223	Iron Helmet+3	2d657ab6
i	12224	Iron Helmet+4	30657f6f
i	12225	Iron Helmet+5	2f657ddc
i	12226	Iron Helmet+6	32658295
i	12227	Iron Helmet+7	31658102
i	12228	Iron Helmet+8	346585bb
i	12229	Iron Helmet+9	33658428
i	12240	Ghost Mask Sallet+0	b920c41b
i	12241	Ghost Mask Sallet+1	b820c288
i	12242	Ghost Mask Sallet+2	bb20c741
i	12243	Ghost Mask Sallet+3	ba20c5ae
i	12244	Ghost Mask Sallet+4	bd20ca67
i	12245	Ghost Mask Sallet+5	bc20c8d4
i	12246	Ghost Mask Sallet+6	bf20cd8d
i	12247	Ghost Mask Sallet+7	be20cbfa
i	12248	Ghost Mask Sallet+8	b120b783
i	12249	Ghost Mask Sallet+9	b020b5f0
i	12260	Fear Mask +0	79e74acf
i	12261	Fear Mask +1	78e7493c
i	12262	Fear Mask +2	7be74df5
i	12263	Fear Mask +3	7ae74c62
i	12264	Fear Mask +4	75e74483
i	12265	Fear Mask +5	74e742f0
i	12266	Fear Mask +6	77e747a9
i	12267	Fear Mask +7	76e74616
i	12268	Fear Mask +8	81e75767
i	12269	Fear Mask +9	80e755d4
i	12280	War Master Helmet +0	03eda950
i	12281	War Master Helmet +1	04edaae3
i	12282	War Master Helmet +2	05edac76
i	12283	War Master Helmet +3	06edae09
i	12284	War Master Helmet +4	07edaf9c
i	12285	War Master Helmet +5	08edb12f
i	12286	War Master Helmet +6	09edb2c2
i	12287	War Master Helmet +7	0aedb455
i	12288	War Master Helmet +8	0bedb5e8
i	12289	War Master Helmet +9	0cedb77b
i	12340	Leather Hood+0	7ca0edf2
i	12341	Leather Hood+1	7da0ef85
i	12342	Leather Hood+2	7aa0eacc
i	12343	Leather Hood+3	7ba0ec5f
i	12344	Leather Hood+4	78a0e7a6
i	12345	Leather Hood+5	79a0e939
i	12346	Leather Hood+6	76a0e480
i	12347	Leather Hood+7	77a0e613
i	12348	Leather Hood+8	84a0fa8a
i	12349	Leather Hood+9	85a0fc1d
i	12360	Chain Hood+0	ec202b85
i	12361	Chain Hood+1	eb2029f2
i	12362	Chain Hood+2	ea20285f
i	12363	Chain Hood+3	e92026cc
i	12364	Chain Hood+4	e8202539
i	12365	Chain Hood+5	e72023a6
i	12366	Chain Hood+6	e6202213
i	12367	Chain Hood+7	e5202080
i	12368	Chain Hood+8	f420381d
i	12369	Chain Hood+9	f320368a
i	12380	Steel Hood+0	c77d2d24
i	12381	Steel Hood+1	c87d2eb7
i	12382	Steel Hood+2	c97d304a
i	12383	Steel Hood+3	ca7d31dd
i	12384	Steel Hood+4	c37d26d8
i	12385	Steel Hood+5	c47d286b
i	12386	Steel Hood+6	c57d29fe
i	12387	Steel Hood+7	c67d2b91
i	12388	Steel Hood+8	bf7d208c
i	12389	Steel Hood+9	c07d221f
i	12390	Orc Hood +0	360c734e
i	12391	Orc Hood +1	370c74e1
i	12392	Orc Hood +2	340c7028
i	12393	Orc Hood +3	350c71bb
i	12394	Orc Hood +4	3a0c799a
i	12395	Orc Hood +5	3b0c7b2d
i	12396	Orc Hood +6	380c7674
i	12397	Orc Hood +7	390c7807
i	12398	Orc Hood +8	2e0c66b6
i	12399	Orc Hood +9	2f0c6849
i	12400	Spider Hood +0	51945452
i	12401	Spider Hood +1	529455e5
i	12402	Spider Hood +2	4f94512c
i	12403	Spider Hood +3	509452bf
i	12404	Spider Hood +4	4d944e06
i	12405	Spider Hood +5	4e944f99
i	12406	Spider Hood +6	4b944ae0
i	12407	Spider Hood +7	4c944c73
i	12408	Spider Hood +8	599460ea
i	12409	Spider Hood +9	5a94627d
i	12480	Bloody Helmet+0	5aeee788
i	12481	Bloody Helmet+1	5beee91b
i	12482	Bloody Helmet+2	5ceeeaae
i	12483	Bloody Helmet+3	5deeec41
i	12484	Bloody Helmet+4	5eeeedd4
i	12485	Bloody Helmet+5	5feeef67
i	12486	Bloody Helmet+6	60eef0fa
i	12487	Bloody Helmet+7	61eef28d
i	12488	Bloody Helmet+8	52eedaf0
i	12489	Bloody Helmet+9	53eedc83
i	12500	Mocking Helmet+0	f7efeb3b
i	12501	Mocking Helmet+1	f6efe9a8
i	12502	Mocking Helmet+2	f9efee61
i	12503	Mocking Helmet+3	f8efecce
i	12504	Mocking Helmet+4	fbeff187
i	12505	Mocking Helmet+5	faefeff4
i	12506	Mocking Helmet+6	fdeff4ad
i	12507	Mocking Helmet+7	fceff31a
i	12508	Mocking Helmet+8	efefdea3
i	12509	Mocking Helmet+9	eeefdd10
i	12520	Castle Helmet+0	c716751f
i	12521	Castle Helmet+1	c616738c
i	12522	Castle Helmet+2	c9167845
i	12523	Castle Helmet+3	c81676b2
i	12524	Castle Helmet+4	c3166ed3
i	12525	Castle Helmet+5	c2166d40
i	12526	Castle Helmet+6	c51671f9
i	12527	Castle Helmet+7	c4167066
i	12528	Castle Helmet+8	cf1681b7
i	12529	Castle Helmet+9	ce168024
i	12530	Horned Helmet +0	9f06a380
i	12531	Horned Helmet +1	a006a513
i	12532	Horned Helmet +2	a106a6a6
i	12533	Horned Helmet +3	a206a839
i	12534	Horned Helmet +4	a306a9cc
i	12535	Horned Helmet +5	a406ab5f
i	12536	Horned Helmet +6	a506acf2
i	12537	Horned Helmet +7	a606ae85
i	12538	Horned Helmet +8	a706b018
i	12539	Horned Helmet +9	a806b1ab
i	12540	Magic Helmet +0	708d1215
i	12541	Magic Helmet +1	6f8d1082
i	12542	Magic Helmet +2	6e8d0eef
i	12543	Magic Helmet +3	6d8d0d5c
i	12544	Magic Helmet +4	6c8d0bc9
i	12545	Magic Helmet +5	6b8d0a36
i	12546	Magic Helmet +6	6a8d08a3
i	12547	Magic Helmet +7	698d0710
i	12548	Magic Helmet +8	788d1ead
i	12549	Magic Helmet +9	778d1d1a
i	12620	Monk Hat+0	3c803588
i	12621	Monk Hat+1	3d80371b
i	12622	Monk Hat+2	3e8038ae
i	12623	Monk Hat+3	3f803a41
i	12624	Monk Hat+4	40803bd4
i	12625	Monk Hat+5	41803d67
i	12626	Monk Hat+6	42803efa
i	12627	Monk Hat+7	4380408d
i	12628	Monk Hat+8	348028f0
i	12629	Monk Hat+9	35802a83
i	12640	Phoenix Hat+0	c743ca8f
i	12641	Phoenix Hat+1	c643c8fc
i	12642	Phoenix Hat+2	c943cdb5
i	12643	Phoenix Hat+3	c843cc22
i	12644	Phoenix Hat+4	c343c443
i	12645	Phoenix Hat+5	c243c2b0
i	12646	Phoenix Hat+6	c543c769
i	12647	Phoenix Hat+7	c443c5d6
i	12648	Phoenix Hat+8	cf43d727
i	12649	Phoenix Hat+9	ce43d594
i	12660	Sunlight Hat+0	e4aa77fc
i	12661	Sunlight Hat+1	e5aa798f
i	12662	Sunlight Hat+2	e6aa7b22
i	12663	Sunlight Hat+3	e7aa7cb5
i	12664	Sunlight Hat+4	e0aa71b0
i	12665	Sunlight Hat+5	e1aa7343
i	12666	Sunlight Hat+6	e2aa74d6
i	12667	Sunlight Hat+7	e3aa7669
i	12668	Sunlight Hat+8	ecaa8494
i	12669	Sunlight Hat+9	edaa8627
i	12670	Cardinal's Hat +0	48617153
i	12671	Cardinal's Hat +1	47616fc0
i	12672	Cardinal's Hat +2	4a617479
i	12673	Cardinal's Hat +3	496172e6
i	12674	Cardinal's Hat +4	4c61779f
i	12675	Cardinal's Hat +5	4b61760c
i	12676	Cardinal's Hat +6	4e617ac5
i	12677	Cardinal's Hat +7	4d617932
i	12678	Cardinal's Hat +8	50617deb
i	12679	Cardinal's Hat +9	4f617c58
i	12680	Soul Shard Hat +0	4afaeae6
i	12681	Soul Shard Hat +1	4bfaec79
i	12682	Soul Shard Hat +2	48fae7c0
i	12683	Soul Shard Hat +3	49fae953
i	12684	Soul Shard Hat +4	4efaf132
i	12685	Soul Shard Hat +5	4ffaf2c5
i	12686	Soul Shard Hat +6	4cfaee0c
i	12687	Soul Shard Hat +7	4dfaef9f
i	12688	Soul Shard Hat +8	52faf77e
i	12689	Soul Shard Hat +9	53faf911
i	13000	Battle Shield+0	b5c5c3d5
i	13001	Battle Shield+1	b4c5c242
i	13002	Battle Shield+2	b3c5c0af
i	13003	Battle Shield+3	b2c5bf1c
i	13004	Battle Shield+4	b1c5bd89
i	13005	Battle Shield+5	b0c5bbf6
i	13006	Battle Shield+6	afc5ba63
i	13007	Battle Shield+7	aec5b8d0
i	13008	Battle Shield+8	bdc5d06d
i	13009	Battle Shield+9	bcc5ceda
i	13020	Pentagon Shield+0	73a4cddc
i	13021	Pentagon Shield+1	74a4cf6f
i	13022	Pentagon Shield+2	75a4d102
i	13023	Pentagon Shield+3	76a4d295
i	13024	Pentagon Shield+4	6fa4c790
i	13025	Pentagon Shield+5	70a4c923
i	13026	Pentagon Shield+6	71a4cab6
i	13027	Pentagon Shield+7	72a4cc49
i	13028	Pentagon Shield+8	7ba4da74
i	13029	Pentagon Shield+9	7ca4dc07
i	13040	Black Round Shield+0	4692c808
i	13041	Black Round Shield+1	4792c99b
i	13042	Black Round Shield+2	4892cb2e
i	13043	Black Round Shield+3	4992ccc1
i	13044	Black Round Shield+4	4a92ce54
i	13045	Black Round Shield+5	4b92cfe7
i	13046	Black Round Shield+6	4c92d17a
i	13047	Black Round Shield+7	4d92d30d
i	13048	Black Round Shield+8	3e92bb70
i	13049	Black Round Shield+9	3f92bd03
i	13060	Falcon Shield+0	0ce20b20
i	13061	Falcon Shield+1	0de20cb3
i	13062	Falcon Shield+2	0ee20e46
i	13063	Falcon Shield+3	0fe20fd9
i	13064	Falcon Shield+4	10e2116c
i	13065	Falcon Shield+5	11e212ff
i	13066	Falcon Shield+6	12e21492
i	13067	Falcon Shield+7	13e21625
i	13068	Falcon Shield+8	14e217b8
i	13069	Falcon Shield+9	15e2194b
i	13080	Tiger Shield+0	0907842e
i	13081	Tiger Shield+1	0a0785c1
i	13082	Tiger Shield+2	07078108
i	13083	Tiger Shield+3	0807829b
i	13084	Tiger Shield+4	0d078a7a
i	13085	Tiger Shield+5	0e078c0d
i	13086	Tiger Shield+6	0b078754
i	13087	Tiger Shield+7	0c0788e7
i	13088	Tiger Shield+8	01077796
i	13089	Tiger Shield+9	02077929
i	13100	Lion Edge Shield+0	ebeceef0
i	13101	Lion Edge Shield+1	ececf083
i	13102	Lion Edge Shield+2	edecf216
i	13103	Lion Edge Shield+3	eeecf3a9
i	13104	Lion Edge Shield+4	efecf53c
i	13105	Lion Edge Shield+5	f0ecf6cf
i	13106	Lion Edge Shield+6	f1ecf862
i	13107	Lion Edge Shield+7	f2ecf9f5
i	13108	Lion Edge Shield+8	f3ecfb88
i	13109	Lion Edge Shield+9	f4ecfd1b
i	13120	Dragon Scale Shield+0	96b203ea
i	13121	Dragon Scale Shield+1	97b2057d
i	13122	Dragon Scale Shield+2	94b200c4
i	13123	Dragon Scale Shield+3	95b20257
i	13124	Dragon Scale Shield+4	92b1fd9e
i	13125	Dragon Scale Shield+5	93b1ff31
i	13126	Dragon Scale Shield+6	90b1fa78
i	13127	Dragon Scale Shield+7	91b1fc0b
i	13128	Dragon Scale Shield+8	8eb1f752
i	13129	Dragon Scale Shield+9	8fb1f8e5
i	13140	Titan Shield+0	f8e17a63
i	13141	Titan Shield+1	f7e178d0
i	13142	Titan Shield+2	fae17d89
i	13143	Titan Shield+3	f9e17bf6
i	13144	Titan Shield+4	fce180af
i	13145	Titan Shield+5	fbe17f1c
i	13146	Titan Shield+6	fee183d5
i	13147	Titan Shield+7	fde18242
i	13148	Titan Shield+8	00e186fb
i	13149	Titan Shield+9	ffe18568
i	13160	Three Emperors Shield+0	8566bb85
i	13161	Three Emperors Shield+1	8466b9f2
i	13162	Three Emperors Shield+2	8366b85f
i	13163	Three Emperors Shield+3	8266b6cc
i	13164	Three Emperors Shield+4	8166b539
i	13165	Three Emperors Shield+5	8066b3a6
i	13166	Three Emperors Shield+6	7f66b213
i	13167	Three Emperors Shield+7	7e66b080
i	13168	Three Emperors Shield+8	8d66c81d
i	13169	Three Emperors Shield+9	8c66c68a
i	13180	Bright Shield+0	785a5020
i	13181	Bright Shield+1	795a51b3
i	13182	Bright Shield+2	7a5a5346
i	13183	Bright Shield+3	7b5a54d9
i	13184	Bright Shield+4	7c5a566c
i	13185	Bright Shield+5	7d5a57ff
i	13186	Bright Shield+6	7e5a5992
i	13187	Bright Shield+7	7f5a5b25
i	13188	Bright Shield+8	805a5cb8
i	13189	Bright Shield+9	815a5e4b
i	13190	Pentagon Shield+0	73a4cddc
i	13191	Pentagon Shield+1	74a4cf6f
i	13192	Pentagon Shield+2	75a4d102
i	13193	Pentagon Shield+3	76a4d295
i	13194	Pentagon Shield+4	6fa4c790
i	13195	Pentagon Shield+5	70a4c923
i	13196	Pentagon Shield+6	71a4cab6
i	13197	Pentagon Shield+7	72a4cc49
i	13198	Pentagon Shield+8	7ba4da74
i	13199	Pentagon Shield+9	7ca4dc07
i	13200	Black Round Shield+0	4692c808
i	13201	Black Round Shield+1	4792c99b
i	13202	Black Round Shield+2	4892cb2e
i	13203	Black Round Shield+3	4992ccc1
i	13204	Black Round Shield+4	4a92ce54
i	13205	Black Round Shield+5	4b92cfe7
i	13206	Black Round Shield+6	4c92d17a
i	13207	Black Round Shield+7	4d92d30d
i	13208	Black Round Shield+8	3e92bb70
i	13209	Black Round Shield+9	3f92bd03
i	14000	Wooden Bracelet+0	f498c392
i	14001	Wooden Bracelet+1	f598c525
i	14002	Wooden Bracelet+2	f298c06c
i	14003	Wooden Bracelet+3	f398c1ff
i	14004	Wooden Bracelet+4	f098bd46
i	14005	Wooden Bracelet+5	f198bed9
i	14006	Wooden Bracelet+6	ee98ba20
i	14007	Wooden Bracelet+7	ef98bbb3
i	14008	Wooden Bracelet+8	fc98d02a
i	14009	Wooden Bracelet+9	fd98d1bd
i	14020	Copper Bracelet+0	69d9a053
i	14021	Copper Bracelet+1	68d99ec0
i	14022	Copper Bracelet+2	6bd9a379
i	14023	Copper Bracelet+3	6ad9a1e6
i	14024	Copper Bracelet+4	6dd9a69f
i	14025	Copper Bracelet+5	6cd9a50c
i	14026	Copper Bracelet+6	6fd9a9c5
i	14027	Copper Bracelet+7	6ed9a832
i	14028	Copper Bracelet+8	71d9aceb
i	14029	Copper Bracelet+9	70d9ab58
i	14040	Silver Bracelet+0	c535bdfc
i	14041	Silver Bracelet+1	c635bf8f
i	14042	Silver Bracelet+2	c735c122
i	14043	Silver Bracelet+3	c835c2b5
i	14044	Silver Bracelet+4	c135b7b0
i	14045	Silver Bracelet+5	c235b943
i	14046	Silver Bracelet+6	c335bad6
i	14047	Silver Bracelet+7	c435bc69
i	14048	Silver Bracelet+8	cd35ca94
i	14049	Silver Bracelet+9	ce35cc27
i	14060	Gold Bracelet+0	7c346c0a
i	14061	Gold Bracelet+1	7d346d9d
i	14062	Gold Bracelet+2	7a3468e4
i	14063	Gold Bracelet+3	7b346a77
i	14064	Gold Bracelet+4	783465be
i	14065	Gold Bracelet+5	79346751
i	14066	Gold Bracelet+6	76346298
i	14067	Gold Bracelet+7	7734642b
i	14068	Gold Bracelet+8	74345f72
i	14069	Gold Bracelet+9	75346105
i	14080	Jade Bracelet+0	4f44739b
i	14081	Jade Bracelet+1	4e447208
i	14082	Jade Bracelet+2	514476c1
i	14083	Jade Bracelet+3	5044752e
i	14084	Jade Bracelet+4	534479e7
i	14085	Jade Bracelet+5	52447854
i	14086	Jade Bracelet+6	55447d0d
i	14087	Jade Bracelet+7	54447b7a
i	14088	Jade Bracelet+8	47446703
i	14089	Jade Bracelet+9	46446570
i	14100	Ebony Bracelet+0	10b97a0b
i	14101	Ebony Bracelet+1	0fb97878
i	14102	Ebony Bracelet+2	12b97d31
i	14103	Ebony Bracelet+3	11b97b9e
i	14104	Ebony Bracelet+4	14b98057
i	14105	Ebony Bracelet+5	13b97ec4
i	14106	Ebony Bracelet+6	16b9837d
i	14107	Ebony Bracelet+7	15b981ea
i	14108	Ebony Bracelet+8	08b96d73
i	14109	Ebony Bracelet+9	07b96be0
i	14120	Pearl Bracelet+0	14a1c094
i	14121	Pearl Bracelet+1	15a1c227
i	14122	Pearl Bracelet+2	16a1c3ba
i	14123	Pearl Bracelet+3	17a1c54d
i	14124	Pearl Bracelet+4	10a1ba48
i	14125	Pearl Bracelet+5	11a1bbdb
i	14126	Pearl Bracelet+6	12a1bd6e
i	14127	Pearl Bracelet+7	13a1bf01
i	14128	Pearl Bracelet+8	0ca1b3fc
i	14129	Pearl Bracelet+9	0da1b58f
i	14140	White Gold Bracelet+0	5f690ea5
i	14141	White Gold Bracelet+1	5e690d12
i	14142	White Gold Bracelet+2	5d690b7f
i	14143	White Gold Bracelet+3	5c6909ec
i	14144	White Gold Bracelet+4	5b690859
i	14145	White Gold Bracelet+5	5a6906c6
i	14146	White Gold Bracelet+6	59690533
i	14147	White Gold Bracelet+7	586903a0
i	14148	White Gold Bracelet+8	67691b3d
i	14149	White Gold Bracelet+9	666919aa
i	14160	Crystal Bracelet+0	368bc653
i	14161	Crystal Bracelet+1	358bc4c0
i	14162	Crystal Bracelet+2	388bc979
i	14163	Crystal Bracelet+3	378bc7e6
i	14164	Crystal Bracelet+4	3a8bcc9f
i	14165	Crystal Bracelet+5	398bcb0c
i	14166	Crystal Bracelet+6	3c8bcfc5
i	14167	Crystal Bracelet+7	3b8bce32
i	14168	Crystal Bracelet+8	3e8bd2eb
i	14169	Crystal Bracelet+9	3d8bd158
i	14180	Amethyst Bracelet+0	90cb37b7
i	14181	Amethyst Bracelet+1	8fcb3624
i	14182	Amethyst Bracelet+2	92cb3add
i	14183	Amethyst Bracelet+3	91cb394a
i	14184	Amethyst Bracelet+4	8ccb316b
i	14185	Amethyst Bracelet+5	8bcb2fd8
i	14186	Amethyst Bracelet+6	8ecb3491
i	14187	Amethyst Bracelet+7	8dcb32fe
i	14188	Amethyst Bracelet+8	88cb2b1f
i	14189	Amethyst Bracelet+9	87cb298c
i	14200	Heaven's Tear Bracelet+0	00515f68
i	14201	Heaven's Tear Bracelet+1	015160fb
i	14202	Heaven's Tear Bracelet+2	0251628e
i	14203	Heaven's Tear Bracelet+3	03516421
i	14204	Heaven's Tear Bracelet+4	045165b4
i	14205	Heaven's Tear Bracelet+5	05516747
i	14206	Heaven's Tear Bracelet+6	065168da
i	14207	Heaven's Tear Bracelet+7	07516a6d
i	14208	Heaven's Tear Bracelet+8	f85152d0
i	14209	Heaven's Tear Bracelet+9	f9515463
i	14220	Soul Crystal Bracelet+0	5388c7c6
i	14221	Soul Crystal Bracelet+1	5488c959
i	14222	Soul Crystal Bracelet+2	5188c4a0
i	14223	Soul Crystal Bracelet+3	5288c633
i	14224	Soul Crystal Bracelet+4	5788ce12
i	14225	Soul Crystal Bracelet+5	5888cfa5
i	14226	Soul Crystal Bracelet+6	5588caec
i	14227	Soul Crystal Bracelet+7	5688cc7f
i	14228	Soul Crystal Braclet+8	5b88d45e
i	14229	Soul Crystal Bracelet+9	5c88d5f1
i	14500	Ruby Bracelet+0	f323bde0
i	14501	Ruby Bracelet+1	f423bf73
i	14502	Ruby Bracelet+2	f523c106
i	14503	Ruby Bracelet+3	f623c299
i	14504	Ruby Bracelet+4	f723c42c
i	14505	Ruby Bracelet+5	f823c5bf
i	14506	Ruby Bracelet+6	f923c752
i	14507	Ruby Bracelet+7	fa23c8e5
i	14508	Ruby Bracelet+8	fb23ca78
i	14509	Ruby Bracelet+9	fc23cc0b
i	14520	Garnet Bracelet+0	e4405edf
i	14521	Garnet Bracelet+1	e3405d4c
i	14522	Garnet Bracelet+2	e6406205
i	14523	Garnet Bracelet+3	e5406072
i	14524	Garnet Bracelet+4	e0405893
i	14525	Garnet Bracelet+5	df405700
i	14526	Garnet Bracelet+6	e2405bb9
i	14527	Garnet Bracelet+7	e1405a26
i	14528	Garnet Bracelet+8	ec406b77
i	14529	Garnet Bracelet+9	eb4069e4
i	14540	Emerald Bracelet+0	1b81b0a1
i	14541	Emerald Bracelet+1	1a81af0e
i	14542	Emerald Bracelet+2	1981ad7b
i	14543	Emerald Bracelet+3	1881abe8
i	14544	Emerald Bracelet+4	1f81b6ed
i	14545	Emerald Bracelet+5	1e81b55a
i	14546	Emerald Bracelet+6	1d81b3c7
i	14547	Emerald Bracelet+7	1c81b234
i	14548	Emerald Bracelet+8	1381a409
i	14549	Emerald Bracelet+9	1281a276
i	14560	Sapphire Bracelet+0	56d52ad9
i	14561	Sapphire Bracelet+1	55d52946
i	14562	Sapphire Bracelet+2	54d527b3
i	14563	Sapphire Bracelet+3	53d52620
i	14564	Sapphire Bracelet+4	5ad53125
i	14565	Sapphire Bracelet+5	59d52f92
i	14566	Sapphire Bracelet+6	58d52dff
i	14567	Sapphire Bracelet+7	57d52c6c
i	14568	Sapphire Bracelet+8	5ed53771
i	14569	Sapphire Bracelet+9	5dd535de
i	15000	Leather Shoes+0	725064e7
i	15001	Leather Shoes+1	71506354
i	15002	Leather Shoes+2	7450680d
i	15003	Leather Shoes+3	7350667a
i	15004	Leather Shoes+4	6e505e9b
i	15005	Leather Shoes+5	6d505d08
i	15006	Leather Shoes+6	705061c1
i	15007	Leather Shoes+7	6f50602e
i	15008	Leather Shoes+8	6a50584f
i	15009	Leather Shoes+9	695056bc
i	15020	Bamboo Skin Shoes+0	1fe08b45
i	15021	Bamboo Skin Shoes+1	1ee089b2
i	15022	Bamboo Skin Shoes+2	1de0881f
i	15023	Bamboo Skin Shoes+3	1ce0868c
i	15024	Bamboo Skin Shoes+4	1be084f9
i	15025	Bamboo Skin Shoes+5	1ae08366
i	15026	Bamboo Skin Shoes+6	19e081d3
i	15027	Bamboo Skin Shoes+7	18e08040
i	15028	Bamboo Skin Shoes+8	27e097dd
i	15029	Bamboo Skin Shoes+9	26e0964a
i	15040	Wooden Shoes+0	7c796a05
i	15041	Wooden Shoes+1	7b796872
i	15042	Wooden Shoes+2	7a7966df
i	15043	Wooden Shoes+3	7979654c
i	15044	Wooden Shoes+4	787963b9
i	15045	Wooden Shoes+5	77796226
i	15046	Wooden Shoes+6	76796093
i	15047	Wooden Shoes+7	75795f00
i	15048	Wooden Shoes+8	8479769d
i	15049	Wooden Shoes+9	8379750a
i	15060	Gold Threaded Shoes+0	6be488ef
i	15061	Gold Threaded Shoes+1	6ae4875c
i	15062	Gold Threaded Shoes+2	6de48c15
i	15063	Gold Threaded Shoes+3	6ce48a82
i	15064	Gold Threaded Shoes+4	67e482a3
i	15065	Gold Threaded Shoes+5	66e48110
i	15066	Gold Threaded Shoes+6	69e485c9
i	15067	Gold Threaded Shoes+7	68e48436
i	15068	Gold Threaded Shoes+8	73e49587
i	15069	Gold Threaded Shoes+9	72e493f4
i	15080	Leather Boots+0	c80ba51a
i	15081	Leather Boots+1	c90ba6ad
i	15082	Leather Boots+2	c60ba1f4
i	15083	Leather Boots+3	c70ba387
i	15084	Leather Boots+4	c40b9ece
i	15085	Leather Boots+5	c50ba061
i	15086	Leather Boots+6	c20b9ba8
i	15087	Leather Boots+7	c30b9d3b
i	15088	Leather Boots+8	c00b9882
i	15089	Leather Boots+9	c10b9a15
i	15100	Golden Shoes+0	98fec81d
i	15101	Golden Shoes+1	97fec68a
i	15102	Golden Shoes+2	96fec4f7
i	15103	Golden Shoes+3	95fec364
i	15104	Golden Shoes+4	94fec1d1
i	15105	Golden Shoes+5	93fec03e
i	15106	Golden Shoes+6	92febeab
i	15107	Golden Shoes+7	91febd18
i	15108	Golden Shoes+8	90febb85
i	15109	Golden Shoes+9	8ffeb9f2
i	15120	Bronze Boots+0	5ae2eb7c
i	15121	Bronze Boots+1	5be2ed0f
i	15122	Bronze Boots+2	5ce2eea2
i	15123	Bronze Boots+3	5de2f035
i	15124	Bronze Boots+4	56e2e530
i	15125	Bronze Boots+5	57e2e6c3
i	15126	Bronze Boots+6	58e2e856
i	15127	Bronze Boots+7	59e2e9e9
i	15128	Bronze Boots+8	62e2f814
i	15129	Bronze Boots+9	63e2f9a7
i	15140	Jade Shoes+0	f6f3008c
i	15141	Jade Shoes+1	f7f3021f
i	15142	Jade Shoes+2	f8f303b2
i	15143	Jade Shoes+3	f9f30545
i	15144	Jade Shoes+4	f2f2fa40
i	15145	Jade Shoes+5	f3f2fbd3
i	15146	Jade Shoes+6	f4f2fd66
i	15147	Jade Shoes+7	f5f2fef9
i	15148	Jade Shoes+8	fef30d24
i	15149	Jade Shoes+9	fff30eb7
i	15160	Ecstasy Shoes+0	467aa608
i	15161	Ecstasy Shoes+1	477aa79b
i	15162	Ecstasy Shoes+2	487aa92e
i	15163	Ecstasy Shoes+3	497aaac1
i	15164	Ecstasy Shoes+4	4a7aac54
i	15165	Ecstasy Shoes+5	4b7aade7
i	15166	Ecstasy Shoes+6	4c7aaf7a
i	15167	Ecstasy Shoes+7	4d7ab10d
i	15168	Ecstasy Shoes+8	3e7a9970
i	15169	Ecstasy Shoes+9	3f7a9b03
i	15180	Nimbus Boots+0	752e13f8
i	15181	Nimbus Boots+1	762e158b
i	15182	Nimbus Boots+2	772e171e
i	15183	Nimbus Boots+3	782e18b1
i	15184	Nimbus Boots+4	792e1a44
i	15185	Nimbus Boots+5	7a2e1bd7
i	15186	Nimbus Boots+6	7b2e1d6a
i	15187	Nimbus Boots+7	7c2e1efd
i	15188	Nimbus Boots+8	6d2e0760
i	15189	Nimbus Boots+9	6e2e08f3
i	15200	Phoenix Shoes+0	afc28ce5
i	15201	Phoenix Shoes+1	aec28b52
i	15202	Phoenix Shoes+2	adc289bf
i	15203	Phoenix Shoes+3	acc2882c
i	15204	Phoenix Shoes+4	abc28699
i	15205	Phoenix Shoes+5	aac28506
i	15206	Phoenix Shoes+6	a9c28373
i	15207	Phoenix Shoes+7	a8c281e0
i	15208	Phoenix Shoes+8	b7c2997d
i	15209	Phoenix Shoes+9	b6c297ea
i	15220	Fire Bird Shoes+0	7d634eaa
i	15221	Fire Bird Shoes+1	7e63503d
i	15222	Fire Bird Shoes+2	7b634b84
i	15223	Fire Bird Shoes+3	7c634d17
i	15224	Fire Bird Shoes+4	7963485e
i	15225	Fire Bird Shoes+5	7a6349f1
i	15226	Fire Bird Shoes+6	77634538
i	15227	Fire Bird Shoes+7	786346cb
i	15228	Fire Bird Shoes+8	75634212
i	15229	Fire Bird Shoes+9	766343a5
i	15240	Dragon Skin Shoes+0	21b95840
i	15241	Dragon Skin Shoes+1	22b959d3
i	15242	Dragon Skin Shoes+2	23b95b66
i	15243	Dragon Skin Shoes+3	24b95cf9
i	15244	Dragon Skin Shoes+4	25b95e8c
i	15245	Dragon Skin Shoes+5	26b9601f
i	15246	Dragon Skin Shoes+6	27b961b2
i	15247	Dragon Skin Shoes+7	28b96345
i	15248	Dragon Skin Shoes+8	29b964d8
i	15249	Dragon Skin Shoes+9	2ab9666b
i	15370	Euphoria Shoes +0	90ccb69b
i	15371	Euphoria Shoes +1	8fccb508
i	15372	Euphoria Shoes +2	92ccb9c1
i	15373	Euphoria Shoes +3	91ccb82e
i	15374	Euphoria Shoes +4	94ccbce7
i	15375	Euphoria Shoes +5	93ccbb54
i	15376	Euphoria Shoes +6	96ccc00d
i	15377	Euphoria Shoes +7	95ccbe7a
i	15378	Euphoria Shoes +8	88ccaa03
i	15379	Euphoria Shoes +9	87cca870
i	15390	Glory Boots +0	820bd32d
i	15391	Glory Boots +1	810bd19a
i	15392	Glory Boots +2	800bd007
i	15393	Glory Boots +3	7f0bce74
i	15394	Glory Boots +4	7e0bcce1
i	15395	Glory Boots +5	7d0bcb4e
i	15396	Glory Boots +6	7c0bc9bb
i	15397	Glory Boots +7	7b0bc828
i	15398	Glory Boots +8	7a0bc695
i	15399	Glory Boots +9	790bc502
i	15410	Qilin Shoes +0	45ebefb2
i	15411	Qilin Shoes +1	46ebf145
i	15412	Qilin Shoes +2	43ebec8c
i	15413	Qilin Shoes +3	44ebee1f
i	15414	Qilin Shoes +4	41ebe966
i	15415	Qilin Shoes +5	42ebeaf9
i	15416	Qilin Shoes +6	3febe640
i	15417	Qilin Shoes +7	40ebe7d3
i	15418	Qilin Shoes +8	4debfc4a
i	15419	Qilin Shoes +9	4eebfddd
i	15430	Kingfisher Shoes +0	7f5ec3d6
i	15431	Kingfisher Shoes +1	805ec569
i	15432	Kingfisher Shoes +2	7d5ec0b0
i	15433	Kingfisher Shoes +3	7e5ec243
i	15434	Kingfisher Shoes +4	835eca22
i	15435	Kingfisher Shoes +5	845ecbb5
i	15436	Kingfisher Shoes +6	815ec6fc
i	15437	Kingfisher Shoes +7	825ec88f
i	15438	Kingfisher Shoes +8	875ed06e
i	15439	Kingfisher Shoes +9	885ed201
i	16000	Wooden Necklace+0	3fc758bc
i	16001	Wooden Necklace+1	40c75a4f
i	16002	Wooden Necklace+2	41c75be2
i	16003	Wooden Necklace+3	42c75d75
i	16004	Wooden Necklace+4	3bc75270
i	16005	Wooden Necklace+5	3cc75403
i	16006	Wooden Necklace+6	3dc75596
i	16007	Wooden Necklace+7	3ec75729
i	16008	Wooden Necklace+8	47c76554
i	16009	Wooden Necklace+9	48c766e7
i	16020	Copper Necklace+0	22e7ce0f
i	16021	Copper Necklace+1	21e7cc7c
i	16022	Copper Necklace+2	24e7d135
i	16023	Copper Necklace+3	23e7cfa2
i	16024	Copper Necklace+4	1ee7c7c3
i	16025	Copper Necklace+5	1de7c630
i	16026	Copper Necklace+6	20e7cae9
i	16027	Copper Necklace+7	1fe7c956
i	16028	Copper Necklace+8	2ae7daa7
i	16029	Copper Necklace+9	29e7d914
i	16040	Silver Necklace+0	a1c07a8e
i	16041	Silver Necklace+1	a2c07c21
i	16042	Silver Necklace+2	9fc07768
i	16043	Silver Necklace+3	a0c078fb
i	16044	Silver Necklace+4	a5c080da
i	16045	Silver Necklace+5	a6c0826d
i	16046	Silver Necklace+6	a3c07db4
i	16047	Silver Necklace+7	a4c07f47
i	16048	Silver Necklace+8	99c06df6
i	16049	Silver Necklace+9	9ac06f89
i	16060	Golden Necklace+0	e63d5254
i	16061	Golden Necklace+1	e73d53e7
i	16062	Golden Necklace+2	e83d557a
i	16063	Golden Necklace+3	e93d570d
i	16064	Golden Necklace+4	e23d4c08
i	16065	Golden Necklace+5	e33d4d9b
i	16066	Golden Necklace+6	e43d4f2e
i	16067	Golden Necklace+7	e53d50c1
i	16068	Golden Necklace+8	de3d45bc
i	16069	Golden Necklace+9	df3d474f
i	16080	Jade Necklace+0	e7edc277
i	16081	Jade Necklace+1	e6edc0e4
i	16082	Jade Necklace+2	e9edc59d
i	16083	Jade Necklace+3	e8edc40a
i	16084	Jade Necklace+4	e3edbc2b
i	16085	Jade Necklace+5	e2edba98
i	16086	Jade Necklace+6	e5edbf51
i	16087	Jade Necklace+7	e4edbdbe
i	16088	Jade Necklace+8	dfedb5df
i	16089	Jade Necklace+9	deedb44c
i	16100	Ebony Necklace+0	fd2e4427
i	16101	Ebony Necklace+1	fc2e4294
i	16102	Ebony Necklace+2	ff2e474d
i	16103	Ebony Necklace+3	fe2e45ba
i	16104	Ebony Necklace+4	f92e3ddb
i	16105	Ebony Necklace+5	f82e3c48
i	16106	Ebony Necklace+6	fb2e4101
i	16107	Ebony Necklace+7	fa2e3f6e
i	16108	Ebony Necklace+8	f52e378f
i	16109	Ebony Necklace+9	f42e35fc
i	16120	Pearl Necklace+0	46174946
i	16121	Pearl Necklace+1	47174ad9
i	16122	Pearl Necklace+2	44174620
i	16123	Pearl Necklace+3	451747b3
i	16124	Pearl Necklace+4	4a174f92
i	16125	Pearl Necklace+5	4b175125
i	16126	Pearl Necklace+6	48174c6c
i	16127	Pearl Necklace+7	49174dff
i	16128	Pearl Necklace+8	4e1755de
i	16129	Pearl Necklace+9	4f175771
i	16140	White Gold Necklace+0	d96289ff
i	16141	White Gold Necklace+1	d862886c
i	16142	White Gold Necklace+2	db628d25
i	16143	White Gold Necklace+3	da628b92
i	16144	White Gold Necklace+4	d56283b3
i	16145	White Gold Necklace+5	d4628220
i	16146	White Gold Necklace+6	d76286d9
i	16147	White Gold Necklace+7	d6628546
i	16148	White Gold Necklace+8	e1629697
i	16149	White Gold Necklace+9	e0629504
i	16160	Crystal Necklace+0	8cdcd00f
i	16161	Crystal Necklace+1	8bdcce7c
i	16162	Crystal Necklace+2	8edcd335
i	16163	Crystal Necklace+3	8ddcd1a2
i	16164	Crystal Necklace+4	88dcc9c3
i	16165	Crystal Necklace+5	87dcc830
i	16166	Crystal Necklace+6	8adccce9
i	16167	Crystal Necklace+7	89dccb56
i	16168	Crystal Necklace+8	94dcdca7
i	16169	Crystal Necklace+9	93dcdb14
i	16180	Amethyst Necklace+0	3f95cfb3
i	16181	Amethyst Necklace+1	3e95ce20
i	16182	Amethyst Necklace+2	4195d2d9
i	16183	Amethyst Necklace+3	4095d146
i	16184	Amethyst Necklace+4	4395d5ff
i	16185	Amethyst Necklace+5	4295d46c
i	16186	Amethyst Necklace+6	4595d925
i	16187	Amethyst Necklace+7	4495d792
i	16188	Amethyst Necklace+8	4795dc4b
i	16189	Amethyst Necklace+9	4695dab8
i	16200	Heaven's Tear Necklace+0	38b7a4e6
i	16201	Heaven's Tear Necklace+1	39b7a679
i	16202	Heaven's Tear Necklace+2	36b7a1c0
i	16203	Heaven's Tear Necklace+3	37b7a353
i	16204	Heaven's Tear Necklace+4	3cb7ab32
i	16205	Heaven's Tear Necklace+5	3db7acc5
i	16206	Heaven's Tear Necklace+6	3ab7a80c
i	16207	Heaven's Tear Necklace+7	3bb7a99f
i	16208	Heaven's Tear Necklace+8	40b7b17e
i	16209	Heaven's Tear Necklace+9	41b7b311
i	16220	Soul Crystal Necklace+0	4c3d6b17
i	16221	Soul Crystal Necklace+1	4b3d6984
i	16222	Soul Crystal Necklace+2	4e3d6e3d
i	16223	Soul Crystal Necklace+3	4d3d6caa
i	16224	Soul Crystal Necklace+4	483d64cb
i	16225	Soul Crystal Necklace+5	473d6338
i	16226	Soul Crystal Necklace+6	4a3d67f1
i	16227	Soul Crystal Necklace+7	493d665e
i	16228	Soul Crystal Necklace+8	443d5e7f
i	16229	Soul Crystal Necklace+9	433d5cec
i	16500	Ruby Necklace+0	c115eb02
i	16501	Ruby Necklace+1	c215ec95
i	16502	Ruby Necklace+2	bf15e7dc
i	16503	Ruby Necklace+3	c015e96f
i	16504	Ruby Necklace+4	bd15e4b6
i	16505	Ruby Necklace+5	be15e649
i	16506	Ruby Necklace+6	bb15e190
i	16507	Ruby Necklace+7	bc15e323
i	16508	Ruby Necklace+8	c915f79a
i	16509	Ruby Necklace+9	ca15f92d
i	16520	Garnet Necklace+0	687de8bb
i	16521	Garnet Necklace+1	677de728
i	16522	Garnet Necklace+2	6a7debe1
i	16523	Garnet Necklace+3	697dea4e
i	16524	Garnet Necklace+4	6c7def07
i	16525	Garnet Necklace+5	6b7ded74
i	16526	Garnet Necklace+6	6e7df22d
i	16527	Garnet Necklace+7	6d7df09a
i	16528	Garnet Necklace+8	607ddc23
i	16529	Garnet Necklace+9	5f7dda90
i	16540	Emerald Necklace+0	88966c2d
i	16541	Emerald Necklace+1	87966a9a
i	16542	Emerald Necklace+2	86966907
i	16543	Emerald Necklace+3	85966774
i	16544	Emerald Necklace+4	849665e1
i	16545	Emerald Necklace+5	8396644e
i	16546	Emerald Necklace+6	829662bb
i	16547	Emerald Necklace+7	81966128
i	16548	Emerald Necklace+8	80965f95
i	16549	Emerald Necklace+9	7f965e02
i	16560	Sapphire Necklace+0	717622e5
i	16561	Sapphire Necklace+1	70762152
i	16562	Sapphire Necklace+2	6f761fbf
i	16563	Sapphire Necklace+3	6e761e2c
i	16564	Sapphire Necklace+4	6d761c99
i	16565	Sapphire Necklace+5	6c761b06
i	16566	Sapphire Necklace+6	6b761973
i	16567	Sapphire Necklace+7	6a7617e0
i	16568	Sapphire Necklace+8	79762f7d
i	16569	Sapphire Necklace+9	78762dea
i	17000	Wooden Earrings+0	7dbab4a5
i	17001	Wooden Earrings+1	7cbab312
i	17002	Wooden Earrings+2	7bbab17f
i	17003	Wooden Earrings+3	7abaafec
i	17004	Wooden Earrings+4	79baae59
i	17005	Wooden Earrings+5	78baacc6
i	17006	Wooden Earrings+6	77baab33
i	17007	Wooden Earrings+7	76baa9a0
i	17008	Wooden Earrings+8	85bac13d
i	17009	Wooden Earrings+9	84babfaa
i	17020	Copper Earrings+0	27696d74
i	17021	Copper Earrings+1	28696f07
i	17022	Copper Earrings+2	2969709a
i	17023	Copper Earrings+3	2a69722d
i	17024	Copper Earrings+4	23696728
i	17025	Copper Earrings+5	246968bb
i	17026	Copper Earrings+6	25696a4e
i	17027	Copper Earrings+7	26696be1
i	17028	Copper Earrings+8	1f6960dc
i	17029	Copper Earrings+9	2069626f
i	17040	Silver Earrings+0	ceb8e51f
i	17041	Silver Earrings+1	cdb8e38c
i	17042	Silver Earrings+2	d0b8e845
i	17043	Silver Earrings+3	cfb8e6b2
i	17044	Silver Earrings+4	cab8ded3
i	17045	Silver Earrings+5	c9b8dd40
i	17046	Silver Earrings+6	ccb8e1f9
i	17047	Silver Earrings+7	cbb8e066
i	17048	Silver Earrings+8	d6b8f1b7
i	17049	Silver Earrings+9	d5b8f024
i	17060	Golden Earrings+0	4611b4dd
i	17061	Golden Earrings+1	4511b34a
i	17062	Golden Earrings+2	4411b1b7
i	17063	Golden Earrings+3	4311b024
i	17064	Golden Earrings+4	4211ae91
i	17065	Golden Earrings+5	4111acfe
i	17066	Golden Earrings+6	4011ab6b
i	17067	Golden Earrings+7	3f11a9d8
i	17068	Golden Earrings+8	3e11a845
i	17069	Golden Earrings+9	3d11a6b2
i	17080	Jade Earrings+0	3e1c33dc
i	17081	Jade Earrings+1	3f1c356f
i	17082	Jade Earrings+2	401c3702
i	17083	Jade Earrings+3	411c3895
i	17084	Jade Earrings+4	3a1c2d90
i	17085	Jade Earrings+5	3b1c2f23
i	17086	Jade Earrings+6	3c1c30b6
i	17087	Jade Earrings+7	3d1c3249
i	17088	Jade Earrings+8	461c4074
i	17089	Jade Earrings+9	471c4207
i	17100	Ebony Earrings+0	ee9d676c
i	17101	Ebony Earrings+1	ef9d68ff
i	17102	Ebony Earrings+2	f09d6a92
i	17103	Ebony Earrings+3	f19d6c25
i	17104	Ebony Earrings+4	ea9d6120
i	17105	Ebony Earrings+5	eb9d62b3
i	17106	Ebony Earrings+6	ec9d6446
i	17107	Ebony Earrings+7	ed9d65d9
i	17108	Ebony Earrings+8	f69d7404
i	17109	Ebony Earrings+9	f79d7597
i	17120	Pearl Earrings+0	b4ebfed7
i	17121	Pearl Earrings+1	b3ebfd44
i	17122	Pearl Earrings+2	b6ec01fd
i	17123	Pearl Earrings+3	b5ec006a
i	17124	Pearl Earrings+4	b0ebf88b
i	17125	Pearl Earrings+5	afebf6f8
i	17126	Pearl Earrings+6	b2ebfbb1
i	17127	Pearl Earrings+7	b1ebfa1e
i	17128	Pearl Earrings+8	acebf23f
i	17129	Pearl Earrings+9	abebf0ac
i	17140	White Gold Earrings+0	0cc5925c
i	17141	White Gold Earrings+1	0dc593ef
i	17142	White Gold Earrings+2	0ec59582
i	17143	White Gold Earrings+3	0fc59715
i	17144	White Gold Earrings+4	08c58c10
i	17145	White Gold Earrings+5	09c58da3
i	17146	White Gold Earrings+6	0ac58f36
i	17147	White Gold Earrings+7	0bc590c9
i	17148	White Gold Earrings+8	14c59ef4
i	17149	White Gold Earrings+9	15c5a087
i	17160	Crystal Earrings+0	9b49a374
i	17161	Crystal Earrings+1	9c49a507
i	17162	Crystal Earrings+2	9d49a69a
i	17163	Crystal Earrings+3	9e49a82d
i	17164	Crystal Earrings+4	97499d28
i	17165	Crystal Earrings+5	98499ebb
i	17166	Crystal Earrings+6	9949a04e
i	17167	Crystal Earrings+7	9a49a1e1
i	17168	Crystal Earrings+8	934996dc
i	17169	Crystal Earrings+9	9449986f
i	17180	Amethyst Earrings+0	f8f9d698
i	17181	Amethyst Earrings+1	f9f9d82b
i	17182	Amethyst Earrings+2	faf9d9be
i	17183	Amethyst Earrings+3	fbf9db51
i	17184	Amethyst Earrings+4	fcf9dce4
i	17185	Amethyst Earrings+5	fdf9de77
i	17186	Amethyst Earrings+6	fef9e00a
i	17187	Amethyst Earrings+7	fff9e19d
i	17188	Amethyst Earrings+8	f0f9ca00
i	17189	Amethyst Earrings+9	f1f9cb93
i	17200	Heaven's Tear Earrings+0	f65ce3a1
i	17201	Heaven's Tear Earrings+1	f55ce20e
i	17202	Heaven's Tear Earrings+2	f45ce07b
i	17203	Heaven's Tear Earrings+3	f35cdee8
i	17204	Heaven's Tear Earrings+4	fa5ce9ed
i	17205	Heaven's Tear Earrings+5	f95ce85a
i	17206	Heaven's Tear Earrings+6	f85ce6c7
i	17207	Heaven's Tear Earrings+7	f75ce534
i	17208	Heaven's Tear Earrings+8	ee5cd709
i	17209	Heaven's Tear Earrings+9	ed5cd576
i	17220	Soul Crystal Earrings+0	0683eece
i	17221	Soul Crystal Earrings+1	0783f061
i	17222	Soul Crystal Earrings+2	0483eba8
i	17223	Soul Crystal Earrings+3	0583ed3b
i	17224	Soul Crystal Earrings+4	0a83f51a
i	17225	Soul Crystal Earrings+5	0b83f6ad
i	17226	Soul Crystal Earrings+6	0883f1f4
i	17227	Soul Crystal Earrings+7	0983f387
i	17228	Soul Crystal Earrings+8	fe83e236
i	17229	Soul Crystal Earrings+9	ff83e3c9
i	17500	Ruby Earrings+0	7e55cc73
i	17501	Ruby Earrings+1	7d55cae0
i	17502	Ruby Earrings+2	8055cf99
i	17503	Ruby Earrings+3	7f55ce06
i	17504	Ruby Earrings+4	8255d2bf
i	17505	Ruby Earrings+5	8155d12c
i	17506	Ruby Earrings+6	8455d5e5
i	17507	Ruby Earrings+7	8355d452
i	17508	Ruby Earrings+8	8655d90b
i	17509	Ruby Earrings+9	8555d778
i	17520	Garnet Earrings+0	6ddeaae0
i	17521	Garnet Earrings+1	6edeac73
i	17522	Garnet Earrings+2	6fdeae06
i	17523	Garnet Earrings+3	70deaf99
i	17524	Garnet Earrings+4	71deb12c
i	17525	Garnet Earrings+5	72deb2bf
i	17526	Garnet Earrings+6	73deb452
i	17527	Garnet Earrings+7	74deb5e5
i	17528	Garnet Earrings+8	75deb778
i	17529	Garnet Earrings+9	76deb90b
i	17540	Emerald Earrings+0	09a02d5a
i	17541	Emerald Earrings+1	0aa02eed
i	17542	Emerald Earrings+2	07a02a34
i	17543	Emerald Earrings+3	08a02bc7
i	17544	Emerald Earrings+4	05a0270e
i	17545	Emerald Earrings+5	06a028a1
i	17546	Emerald Earrings+6	03a023e8
i	17547	Emerald Earrings+7	04a0257b
i	17548	Emerald Earrings+8	01a020c2
i	17549	Emerald Earrings+9	02a02255
i	17560	Sapphire Earrings+0	e19966d2
i	17561	Sapphire Earrings+1	e2996865
i	17562	Sapphire Earrings+2	df9963ac
i	17563	Sapphire Earrings+3	e099653f
i	17564	Sapphire Earrings+4	dd996086
i	17565	Sapphire Earrings+5	de996219
i	17566	Sapphire Earrings+6	db995d60
i	17567	Sapphire Earrings+7	dc995ef3
i	17568	Sapphire Earrings+8	e999736a
i	17569	Sapphire Earrings+9	ea9974fd
i	18000	Linen Belt +0	92e3dbcb
i	18001	Linen Belt +1	91e3da38
i	18002	Linen Belt +2	94e3def1
i	18003	Linen Belt +3	93e3dd5e
i	18004	Linen Belt +4	96e3e217
i	18005	Linen Belt +5	95e3e084
i	18006	Linen Belt +6	98e3e53d
i	18007	Linen Belt +7	97e3e3aa
i	18008	Linen Belt +8	8ae3cf33
i	18009	Linen Belt +9	89e3cda0
i	18010	Leather Belt +0	1e928ab9
i	18011	Leather Belt +1	1d928926
i	18012	Leather Belt +2	1c928793
i	18013	Leather Belt +3	1b928600
i	18014	Leather Belt +4	22929105
i	18015	Leather Belt +5	21928f72
i	18016	Leather Belt +6	20928ddf
i	18017	Leather Belt +7	1f928c4c
i	18018	Leather Belt +8	26929751
i	18019	Leather Belt +9	259295be
i	18020	Magnificent Belt +0	3a20b80a
i	18021	Magnificent Belt +1	3b20b99d
i	18022	Magnificent Belt +2	3820b4e4
i	18023	Magnificent Belt +3	3920b677
i	18024	Magnificent Belt +4	3620b1be
i	18025	Magnificent Belt +5	3720b351
i	18026	Magnificent Belt +6	3420ae98
i	18027	Magnificent Belt +7	3520b02b
i	18028	Magnificent Belt +8	3220ab72
i	18029	Magnificent Belt +9	3320ad05
i	18030	Belt of Wisdom +0	70025d6d
i	18031	Belt of Wisdom +1	6f025bda
i	18032	Belt of Wisdom +2	6e025a47
i	18033	Belt of Wisdom +3	6d0258b4
i	18034	Belt of Wisdom +4	6c025721
i	18035	Belt of Wisdom +5	6b02558e
i	18036	Belt of Wisdom +6	6a0253fb
i	18037	Belt of Wisdom +7	69025268
i	18038	Belt of Wisdom +8	680250d5
i	18039	Belt of Wisdom +9	67024f42
i	18040	King's Belt +0	8d248dbd
i	18041	King's Belt +1	8c248c2a
i	18042	King's Belt +2	8b248a97
i	18043	King's Belt +3	8a248904
i	18044	King's Belt +4	89248771
i	18045	King's Belt +5	882485de
i	18046	King's Belt +6	8724844b
i	18047	King's Belt +7	862482b8
i	18048	King's Belt +8	85248125
i	18049	King's Belt +9	84247f92
i	18050	Shadow Belt +0	2ce05088
i	18051	Shadow Belt +1	2de0521b
i	18052	Shadow Belt +2	2ee053ae
i	18053	Shadow Belt +3	2fe05541
i	18054	Shadow Belt +4	30e056d4
i	18055	Shadow Belt +5	31e05867
i	18056	Shadow Belt +6	32e059fa
i	18057	Shadow Belt +7	33e05b8d
i	18058	Shadow Belt +8	24e043f0
i	18059	Shadow Belt +9	25e04583
i	18060	Rune Belt +0	b3d8c36a
i	18061	Rune Belt +1	b4d8c4fd
i	18062	Rune Belt +2	b1d8c044
i	18063	Rune Belt +3	b2d8c1d7
i	18064	Rune Belt +4	afd8bd1e
i	18065	Rune Belt +5	b0d8beb1
i	18066	Rune Belt +6	add8b9f8
i	18067	Rune Belt +7	aed8bb8b
i	18068	Rune Belt +8	abd8b6d2
i	18069	Rune Belt +9	acd8b865
i	18070	Great Bear Belt +0	bb70fc31
i	18071	Great Bear Belt +1	ba70fa9e
i	18072	Great Bear Belt +2	b970f90b
i	18073	Great Bear Belt +3	b870f778
i	18074	Great Bear Belt +4	bf71027d
i	18075	Great Bear Belt +5	be7100ea
i	18076	Great Bear Belt +6	bd70ff57
i	18077	Great Bear Belt +7	bc70fdc4
i	18078	Great Bear Belt +8	b370ef99
i	18079	Great Bear Belt +9	b270ee06
i	18080	Souls Belt +0	341caeec
i	18081	Souls Belt +1	351cb07f
i	18082	Souls Belt +2	361cb212
i	18083	Souls Belt +3	371cb3a5
i	18084	Souls Belt +4	301ca8a0
i	18085	Souls Belt +5	311caa33
i	18086	Souls Belt +6	321cabc6
i	18087	Souls Belt +7	331cad59
i	18088	Souls Belt +8	3c1cbb84
i	18089	Souls Belt +9	3d1cbd17
i	18900	Red Flame Stone	4e188889
i	20000	Devil's Horn Armour+0	e607ed4f
i	20001	Devil's Horn Armour+1	e507ebbc
i	20002	Devil's Horn Armour+2	e807f075
i	20003	Devil's Horn Armour+3	e707eee2
i	20004	Devil's Horn Armour+4	e207e703
i	20005	Devil's Horn Armour+5	e107e570
i	20006	Devil's Horn Armour+6	e407ea29
i	20007	Devil's Horn Armour+7	e307e896
i	20008	Devil's Horn Armour+8	ee07f9e7
i	20009	Devil's Horn Armour+9	ed07f854
i	20250	Dragon Rider Suit+0	1dd30d91
i	20251	Dragon Rider Suit+1	1cd30bfe
i	20252	Dragon Rider Suit+2	1bd30a6b
i	20253	Dragon Rider Suit+3	1ad308d8
i	20254	Dragon Rider Suit+4	21d313dd
i	20255	Dragon Rider Suit+5	20d3124a
i	20256	Dragon Rider Suit+6	1fd310b7
i	20257	Dragon Rider Suit+7	1ed30f24
i	20258	Dragon Rider Suit+8	15d300f9
i	20259	Dragon Rider Suit+9	14d2ff66
i	20500	Bone Plated Armour+0	b1f8bf7f
i	20501	Bone Plated Armour+1	b0f8bdec
i	20502	Bone Plated Armour+2	b3f8c2a5
i	20503	Bone Plated Armour+3	b2f8c112
i	20504	Bone Plated Armour+4	adf8b933
i	20505	Bone Plated Armour+5	acf8b7a0
i	20506	Bone Plated Armour+6	aff8bc59
i	20507	Bone Plated Armour+7	aef8bac6
i	20508	Bone Plated Armour+8	b9f8cc17
i	20509	Bone Plated Armour+9	b8f8ca84
i	20750	Golden Clothing+0	73060e21
i	20751	Golden Clothing+1	72060c8e
i	20752	Golden Clothing+2	71060afb
i	20753	Golden Clothing+3	70060968
i	20754	Golden Clothing+4	7706146d
i	20755	Golden Clothing+5	760612da
i	20756	Golden Clothing+6	75061147
i	20757	Golden Clothing+7	74060fb4
i	20758	Golden Clothing+8	6b060189
i	20759	Golden Clothing+9	6a05fff6
i	22000	Town Scroll	c92fe8a3
i	22001	Back to town	c92fe8a3
i	22010	Scroll of the Location	63fa9841
i	22011	Scroll of the Location	63fa9841
i	22020	Paper	eeaabb3b
i	22030	Teleport Scroll	2c3e01c1
i	22040	Life Scroll	be7a4870
i	22050	Incarnation Scroll	ba7a915f
i	25040	Blessing Scroll	5b7ee06b
i	25041	Blessing Scroll	5b7ee06b
i	25042	Magic Stone	c68c87e6
i	25043	Blacksmith Handbook	2d64847a
i	25044	Scroll of War	6baba75a
i	25045	Dragon Scroll	1bcc9ec6
i	25051	Craftsman's Guarantee (Armour)	8250a977
i	25052	Craftsman's Guarantee (Weapon)	1286b2c1
i	25053	Craftsman's Guarantee (Jewellery)	4fce08ab
i	25054	Craftsman's Guarantee (Weapon)	1286b2c1
i	25100	Spirit Stone Scroll	7eac9383
i	27001	Red Potion(S)	fcccf00c
i	27002	Red Potion(M)	96ef0ec9
i	27003	Red Potion(L)	f8b72371
i	27004	Blue Potion(S)	82a43f76
i	27005	Blue Potion(M)	e07d96f3
i	27006	Blue Potion(L)	fe8da95b
i	27007	Red Potion(XL)	d05ab1ed
i	27008	Blue Potion(XL)	730ade83
i	27051	Red Potion (S)	f9105ee8
i	27052	Blue Potion (S)	a25a393e
i	27053	Green Potion (S)	fc2a7b91
i	27054	Purple Potion (S)	884ffe81
i	27100	Green Potion(S)	40419bcf
i	27101	Green Potion(M)	26204692
i	27102	Green Potion(L)	a457ff8a
i	27103	Purple Potion(S)	0b6108df
i	27104	Purple Potion(M)	aec4e5e2
i	27105	Purple Potion(L)	af77d15a
i	27110	Green Potion(S)	40419bcf
i	27111	Green Potion(M)	26204692
i	27112	Green Potion(L)	a457ff8a
i	27113	Purple Potion(S)	0b6108df
i	27114	Purple Potion(M)	aec4e5e2
i	27115	Purple Potion(L)	af77d15a
i	27116	Pink Potion(S)	064f2c40
i	27117	Pink Potion(M)	b42901ad
i	27118	Pink Potion(L)	12608845
i	27119	Sky Blue Potion(S)	220e4795
i	27120	Sky Blue Potion(M)	97ec4208
i	27121	Sky Blue Potion(L)	15fceb90
i	27400	Fishing Pole+0	c1974bf3
i	27410	Fishing Pole+1	c0974a60
i	27420	Fishing Pole+2	c3974f19
i	27430	Fishing Pole+3	c2974d86
i	27440	Fishing Pole+4	c597523f
i	27450	Fishing Pole+5	c49750ac
i	27460	Fishing Pole+6	c7975565
i	27470	Fishing Pole+7	c69753d2
i	27480	Fishing Pole+8	c997588b
i	27490	Fishing Pole+9	c89756f8
i	27500	Fishing Pole+10	7e29fbf0
i	27510	Fishing Pole+11	7f29fd83
i	27520	Fishing Pole+12	8029ff16
i	27530	Fishing Pole+13	812a00a9
i	27540	Fishing Pole+14	822a023c
i	27550	Fishing Pole+15	832a03cf
i	27560	Fishing Pole+16	842a0562
i	27570	Fishing Pole+17	852a06f5
i	27580	Fishing Pole+18	862a0888
i	27590	Fishing Pole+19	872a0a1b
i	27600	Bonfire	d3b6cee1
i	27610	Fishing Marble	2afe4633
i	27620	Fishing Licence	9e08abe2
i	27798	Petrified Shrimp	09a2714b
i	27799	Fishbones	1e6633af
i	27800	Paste	2799f5da
i	27801	Worm	90c2589c
i	27802	Minnow	b851b725
i	27803	Zander	640f5c7c
i	27804	Mandarin Fish	84e61b36
i	27805	Large Zander	b4bd4915
i	27806	Carp	a26dd7eb
i	27807	Salmon	26f5eacf
i	27808	Grass Carp	be8b0200
i	27809	Brook Trout	276a758e
i	27810	Eel	92a0f78e
i	27811	Rainbow Trout	9c6ad8be
i	27812	River Trout	a505bb63
i	27813	Rudd	70aded61
i	27814	Perch	aea7c8c3
i	27815	Tenchi	16d40e8a
i	27816	Catfish	3fd8d248
i	27817	Loach	f97c661d
i	27818	Lotus Fish	c479e0bf
i	27819	Sweetfish	dc122894
i	27820	Smelt	ce76365d
i	27821	Shiri	e49ecec4
i	27822	Mirror Carp	f3961285
i	27823	Goldfish	94e202a3
i	27833	Dead Zander	60852072
i	27834	Dead Mandarin Fish	ca012e14
i	27835	Dead Large Zander	fd971deb
i	27836	Dead Carp	1db0d5fd
i	27837	Dead Salmon	d413de75
i	27838	Dead Grass Carp	081169c6
i	27839	Dead Brook Trout	80bd9b2c
i	27840	Dead Eel	5719a018
i	27841	Dead Rainbow Trout	5da58390
i	27842	Dead River Trout	12c4611d
i	27843	Dead Rudd	48dfbdb3
i	27844	Dead Perch	628459b1
i	27845	Dead Tenchi	c0735ebc
i	27846	Dead Catfish	05c1ca1a
i	27847	Dead Loach	0ff48b2f
i	27848	Dead Lotus Fish	63566b31
i	27849	Dead Sweet Fish	6861ebe2
i	27850	Dead Smelt	6ce55bff
i	27851	Dead Shiri	6e60598a
i	27852	Dead Mirror Carp	64231b17
i	27853	Dead Goldfish	39c28e4d
i	27863	Grilled Zander	df56ccd3
i	27864	Grilled Mandarin Fish	25616b47
i	27865	Grilled Large Zander	174fb76c
i	27866	Grilled Carp	d68a26fa
i	27867	Grilled Salmon	db53f790
i	27868	Grilled Grass Carp	6f1195b5
i	27869	Grilled Brook Trout	493f52a7
i	27870	Grilled Eel	e0f88a13
i	27871	Grilled Rainbow Trout	09933e2f
i	27872	Grilled River Trout	67c89a62
i	27873	Grilled Rudd	4e9322fc
i	27874	Grilled Perch	ba125fca
i	27875	Grilled Tenchi	022fa92f
i	27876	Grilled Catfish	5bc8cd03
i	27877	Grilled Loach	185a16a6
i	27878	Grilled Lotus Fish	d88286d8
i	27879	Grilled Sweetfish	19d9229f
i	27880	Grilled Smelt	46ef9e62
i	27881	Grilled Shiri	c3bc99f7
i	27882	Grilled Mirror Carp	65c28490
i	27883	Grilled Goldfish	9e4ecbc4
i	27987	Clam	0432fd25
i	27988	Treasure Map	244ab2af
i	27989	Compass for Metin Stones	7874c73f
i	27990	Piece of Stone	fa2718e5
i	27991	Water Stone	67cc293a
i	27992	White Pearl	57dfb914
i	27993	Blue Pearl	cfd2c16d
i	27994	Blood-Red Pearl	f88f939f
i	27995	Empty Bottle	dcecb3a2
i	27996	Poison Bottle	28455281
i	27997	Vitality Marble	5e71a7e5
i	27998	Alchemy Pouch	7fb4a2b6
i	27999	Spirit Stone Pouch	f64a4f85
i	28000	Stone of  Massacre+0	548c911d
i	28004	Stone of Paranoia+0	30b509fb
i	28008	Stone of Trauma+0	38b93801
i	28012	Stone against Lycans+0	928676ba
i	28030	Stone of Penetration+0	042473f5
i	28031	Stone of Deathblow+0	16ce9752
i	28032	Stone of Cooldown+0	fa3958f8
i	28033	Stone against Warriors+0	df8e0ef8
i	28034	Stone against Ninjas+0	1590fd2b
i	28035	Stone against Suras+0	76fc873e
i	28036	Stone against Shamans+0	eafb7340
i	28037	Stone of Monsters+0	59806dff
i	28038	Stone of Evasion+0	49e9983b
i	28039	Stone of Ducking+0	0d314a99
i	28040	Stone of Magic+0	4069159e
i	28041	Stone of Vitality+0	2c2c5c4e
i	28042	Stone of Defence+0	6cc123ac
i	28043	Stone of Haste+0	e9c7b3c9
i	28100	Stone of Massacre+1	538c8f8a
i	28104	Stone of Paranoia+1	2fb50868
i	28108	Stone of Trauma+1	37b9366e
i	28112	Stone against Lycans+1	9386784d
i	28130	Stone of Penetration+1	03247262
i	28131	Stone of Deathblow+1	17ce98e5
i	28132	Stone of Cooldown+1	fb395a8b
i	28133	Stone against Warriors+1	e08e108b
i	28134	Stone against Ninjas+1	1490fb98
i	28135	Stone against Suras+1	77fc88d1
i	28136	Stone against Shamans+1	ebfb74d3
i	28137	Stone of Monsters+1	58806c6c
i	28138	Stone of Evasion+1	48e996a8
i	28139	Stone of Ducking+1	0c314906
i	28140	Stone of Magic+1	41691731
i	28141	Stone of Vitality+1	2d2c5de1
i	28142	Stone of Defence+1	6dc1253f
i	28143	Stone of Haste+1	e8c7b236
i	28200	Stone of  Massacre+2	528c8df7
i	28204	Stone of Paranoia+2	32b50d21
i	28208	Stone of Trauma+2	36b934db
i	28212	Stone against Lycans+2	90867394
i	28230	Stone of Penetration+2	022470cf
i	28231	Stone of Deathblow+2	14ce942c
i	28232	Stone of Cooldown+2	fc395c1e
i	28233	Stone against Warriors+2	e18e121e
i	28234	Stone against Ninjas+2	17910051
i	28235	Stone against Suras+2	74fc8418
i	28236	Stone against Shamans+2	ecfb7666
i	28237	Stone of Monsters+2	5b807125
i	28238	Stone of Evasion+2	4be99b61
i	28239	Stone of Ducking+2	0b314773
i	28240	Stone of Magic+2	3e691278
i	28241	Stone of Vitality+2	2a2c5928
i	28242	Stone of Defence+2	6ec126d2
i	28243	Stone of Haste+2	e7c7b0a3
i	28300	Stone of Massacre+3	518c8c64
i	28304	Stone of Paranoia+3	31b50b8e
i	28308	Stone of Trauma+3	35b93348
i	28312	Stone against Lycans+3	91867527
i	28330	Stone of Penetration+3	01246f3c
i	28331	Stone of Deathblow+3	15ce95bf
i	28332	Stone of Cooldown+3	fd395db1
i	28333	Stone against Warriors+3	e28e13b1
i	28334	Stone against Ninjas+3	1690febe
i	28335	Stone against Suras+3	75fc85ab
i	28336	Stone against Shamans+3	edfb77f9
i	28337	Stone of Monsters+3	5a806f92
i	28338	Stone of Evasion+3	4ae999ce
i	28339	Stone of Ducking+3	0a3145e0
i	28340	Stone of Magic+3	3f69140b
i	28341	Stone of Vitality+3	2b2c5abb
i	28342	Stone of Defence+3	6fc12865
i	28343	Stone of Haste+3	e6c7af10
i	28400	Stone of Massacre+4	508c8ad1
i	28404	Stone of Paranoia+4	34b51047
i	28408	Stone of Trauma+4	3cb93e4d
i	28412	Stone against Lycans+4	8e86706e
i	28430	Stone of Penetration+4	00246da9
i	28431	Stone of Deathblow+4	12ce9106
i	28432	Stone of Cooldown+4	fe395f44
i	28433	Stone against Warriors+4	e38e1544
i	28434	Stone against Ninjas+4	19910377
i	28435	Stone against Suras+4	7afc8d8a
i	28436	Stone against Shamans+4	eefb798c
i	28437	Stone of Monsters+4	558067b3
i	28438	Stone of Evasion+4	4de99e87
i	28439	Stone of Ducking+4	113150e5
i	28440	Stone of Magic+4	44691bea
i	28441	Stone of Vitality+4	302c629a
i	28442	Stone of Defence+4	68c11d60
i	28443	Stone of Haste+4	edc7ba15
i	28500	Stone of Massacre+5	4f8c893e
i	28504	Stone of Paranoia+5	33b50eb4
i	28508	Stone of Trauma+5	3bb93cba
i	28512	Stone of Stupidity+5	5ab31047
i	28530	Stone of Penetration+5	ff246c16
i	28531	Stone of Deathblow+5	13ce9299
i	28532	Stone of Cooldown+5	ff3960d7
i	28533	Stone against Warriors+5	e48e16d7
i	28534	Stone against Ninjas+5	189101e4
i	28535	Stone against Suras+5	7bfc8f1d
i	28536	Stone against Shamans+5	effb7b1f
i	28537	Stone of Monsters+5	54806620
i	28538	Stone of Evasion+5	4ce99cf4
i	28539	Stone of Ducking+5	10314f52
i	28540	Stone of Magic+5	45691d7d
i	28541	Stone of Vitality+5	312c642d
i	28542	Stone of Defence+5	69c11ef3
i	28543	Stone of Haste+5	ecc7b882
i	28600	Stone of Penetration+6	fe246a83
i	28601	Stone of Deathblow+6	10ce8de0
i	28602	Stone of Cooldown+6	0039626a
i	28603	Stone against Warriors+6	e58e186a
i	28604	Stone against Ninjas+6	1b91069d
i	28605	Stone against Suras+6	78fc8a64
i	28606	Stone against Shamans+6	f0fb7cb2
i	28607	Stone of Monsters+6	57806ad9
i	28608	Stone of Evasion+6	4fe9a1ad
i	28609	Stone of Ducking+6	0f314dbf
i	28610	Stone of Magic+6	426918c4
i	28611	Stone of Vitality+6	2e2c5f74
i	28612	Stone of Defence+6	6ac12086
i	28613	Stone of Haste+6	ebc7b6ef
i	28630	Aqua Stone Penetration+5	9a466af6
i	28631	Aqua Stone Deathblow+5	66960379
i	28632	Aqua Stone Cooldown+5	41d4b837
i	28633	Aqua Stone Warriors+5	da728744
i	28634	Aqua Stone Ninjas+5	da728744
i	28635	Aqua Stone Suras+5	592068fd
i	28636	Aqua Stone Shamans+5	5dac767f
i	28637	Aqua Stone Monsters+5	06cec580
i	28638	Aqua Stone Evasion+5	5e561a54
i	28639	Aqua Stone Ducking+5	e8ed9b32
i	28640	Aqua Stone Magic+5	2d5467dd
i	28641	Aqua Stone Vitality+5	7107b98d
i	28642	Aqua Stone Defence+5	93869f53
i	28643	Aqua Stone Haste+5	7b429362
i	28700	Stone of Penetration+7	fd2468f0
i	28701	Stone of Deathblow+7	11ce8f73
i	28702	Stone of Cooldown+7	013963fd
i	28703	Stone against Warriors+7	e68e19fd
i	28704	Stone against Ninjas+7	1a91050a
i	28705	Stone against Suras+7	79fc8bf7
i	28706	Stone against Shamans+7	f1fb7e45
i	28707	Stone of  Monsters+7	56806946
i	28708	Stone of Evasion+7	4ee9a01a
i	28709	Stone of Ducking+7	0e314c2c
i	28710	Stone of Magic+7	43691a57
i	28711	Stone of Vitality+7	2f2c6107
i	28712	Stone of Defence+7	6bc12219
i	28713	Stone of Haste+7	eac7b55c
i	28730	Aqua Stone Penetration+7	984667d0
i	28731	Aqua Stone Deathblow+7	64960053
i	28732	Aqua Stone Cooldown+7	43d4bb5d
i	28733	Aqua Stone Warriors+7	dc728a6a
i	28734	Aqua Stone Ninjas+7	dc728a6a
i	28735	Aqua Stone Suras+7	572065d7
i	28736	Aqua Stone Shamans+7	5fac79a5
i	28737	Aqua Stone Monsters+7	08cec8a6
i	28738	Aqua Stone Evasion+7	60561d7a
i	28739	Aqua Stone Ducking+7	e6ed980c
i	28740	Aqua Stone Magic+7	2b5464b7
i	28741	Aqua Stone Vitality+7	6f07b667
i	28742	Aqua Stone Defence+7	9586a279
i	28743	Aqua Stone Haste+7	7942903c
i	28800	Stone of Penetration+8	0c24808d
i	28801	Stone of Deathblow+8	1ecea3ea
i	28802	Stone of Cooldown+8	f2394c60
i	28803	Stone against Warriors+8	d78e0260
i	28804	Stone against Ninjas+8	0d90f093
i	28805	Stone against Suras+8	6efc7aa6
i	28806	Stone against Shamans+8	f2fb7fd8
i	28807	Stone of Monsters+8	61807a97
i	28808	Stone of Evasion+8	41e98ba3
i	28809	Stone of Ducking+8	15315731
i	28810	Stone of Magic+8	38690906
i	28811	Stone of Vitality+8	242c4fb6
i	28812	Stone of Defence+8	74c13044
i	28813	Stone of Haste+8	f1c7c061
i	28830	Aqua Stone Penetration+8	a7467f6d
i	28831	Aqua Stone Deathblow+8	719614ca
i	28832	Aqua Stone Cooldown+8	34d4a3c0
i	28833	Aqua Stone Warriors+8	cf7275f3
i	28834	Aqua Stone Ninjas+8	cf7275f3
i	28835	Aqua Stone Suras+8	4c205486
i	28836	Aqua Stone Shamans+8	60ac7b38
i	28837	Aqua Stone Monsters+8	13ced9f7
i	28838	Aqua Stone Evasion+8	53560903
i	28839	Aqua Stone Ducking+8	ededa311
i	28840	Aqua Stone Magic+8	20545366
i	28841	Aqua Stone Vitality+8	6407a516
i	28842	Aqua Stone Defence+8	9e86b0a4
i	28843	Aqua Stone Haste+8	80429b41
i	28900	Stone of Penetration+9	0b247efa
i	28901	Stone of Deathblow+9	1fcea57d
i	28902	Stone of Cooldown+9	f3394df3
i	28903	Stone against Warriors+9	d88e03f3
i	28904	Stone against Ninjas+9	0c90ef00
i	28905	Stone against Suras+9	6ffc7c39
i	28906	Stone against Shamans+9	f3fb816b
i	28907	Stone of Monsters+9	60807904
i	28908	Stone of Evasion+9	40e98a10
i	28909	Stone of Ducking+9	1431559e
i	28910	Stone of Magic+9	39690a99
i	28911	Stone of Vitality+9	252c5149
i	28912	Stone of Defence+9	75c131d7
i	28913	Stone of Haste+9	f0c7bece
i	28930	Aqua Stone Penetration+9	a6467dda
i	28931	Aqua Stone Deathblow+9	7296165d
i	28932	Aqua Stone Cooldown+9	35d4a553
i	28933	Aqua Stone Warriors+9	ce727460
i	28934	Aqua Stone Ninjas+9	ce727460
i	28935	Aqua Stone Suras+9	4d205619
i	28936	Aqua Stone Shamans+9	61ac7ccb
i	28937	Aqua Stone Monsters+9	12ced864
i	28938	Aqua Stone Evasion+9	52560770
i	28939	Aqua Stone Ducking+9	eceda17e
i	28940	Aqua Stone Magic+9	215454f9
i	28941	Aqua Stone Vitality+9	6507a6a9
i	28942	Aqua Stone Defence+9	9f86b237
i	28943	Aqua Stone Haste+9	7f4299ae
i	28960	Piece of Broken Stone	75334e33
i	29001	Scallop	39c1db31
i	29002	Blue Scallop	73e72a0a
i	29003	Yellow Scallop	29bde0c5
i	29004	Red Scallop	d71fe338
i	29005	Green Scallop	88dcbffd
i	29006	Yellow Tartar	399064d2
i	29007	Blue Tartar	d0f287a1
i	29008	Blue Holy Water	7127b53c
i	29009	Yellow Holy Water	12819e09
i	29010	Red Holy Water	114c523e
i	29011	Green Holy Water	d300cf21
i	29012	Dark Blue Hand of God	9041c546
i	29013	Dark Yellow Hand of God	48513919
i	29014	Magenta Hand of God	5eb6e800
i	29015	Dark Green Hand of God	ed43ab48
i	29101	Pickaxe+0	b94d1251
i	29102	Pickaxe+1	b84d10be
i	29103	Pickaxe+2	b74d0f2b
i	29104	Pickaxe+3	b64d0d98
i	29105	Pickaxe+4	bd4d189d
i	29106	Pickaxe+5	bc4d170a
i	29107	Pickaxe+6	bb4d1577
i	29108	Pickaxe+7	ba4d13e4
i	29109	Pickaxe+8	b14d05b9
i	29110	Pickaxe+9	b04d0426
i	29201	Herbalist's Knife+0	6ae25174
i	29202	Herbalist's Knife+1	6be25307
i	29203	Herbalist's Knife+2	6ce2549a
i	29204	Herbalist's Knife+3	6de2562d
i	29205	Herbalist's Knife+4	66e24b28
i	29206	Herbalist's Knife+5	67e24cbb
i	29207	Herbalist's Knife+6	68e24e4e
i	29208	Herbalist's Knife+7	69e24fe1
i	29209	Herbalist's Knife+8	62e244dc
i	29210	Herbalist's Knife+9	63e2466f
i	30000	Barley	16a54c3c
i	30001	Letter	8d2937a1
i	30002	Fried Sausage	c368f355
i	30003	Pig Nose	6f6b4d12
i	30004	Wild Boar Tooth	5a383567
i	30005	Piece of Broken Armour	77ead6fa
i	30006	Orc Tooth	5eceb78b
i	30007	Orc Amulet	c0749008
i	30008	Esoteric Primer	1eadc6d4
i	30009	Unknown Medicine	92a569f9
i	30010	Bear Gall	2c18e90a
i	30011	Ball	d14b670c
i	30012	Wine Bottle	c06fefb6
i	30013	Liquor Jug	2d66c6bb
i	30014	Yeti Fur	17d1fca0
i	30015	Demon's Keepsake	1bb1b657
i	30016	Demon's Gem	d9f177cc
i	30017	Ornamental Hairpin	85d760b9
i	30018	Red Hairband	8cd492c4
i	30019	Flaming Mane	b7b3994c
i	30020	Peach Seed	e614ca85
i	30021	Piece of Gem	95ee4762
i	30022	Snake Tail	c72a3c53
i	30023	White Tiger Hide	1616e274
i	30024	Horsetail	ea798074
i	30025	Spider's Poison Sack	15a41338
i	30026	Wolf Intestine	a2cace74
i	30027	Wolf Fur	1e8e230f
i	30028	Wolf Claw	aae21b35
i	30029	Wolf Liver	3071e7c5
i	30030	Rusty Blade	d03e586b
i	30031	Ornament	1b904975
i	30032	Black Uniform	7809d5b2
i	30033	Broken Porcelain	5a9c4e4e
i	30034	White Hairband	dbf87961
i	30035	Face Cream	a377928a
i	30036	Mystic Herb	7ade8c07
i	30037	Tiger Claw	71c25ed0
i	30038	Tiger Hide	8a0ff48c
i	30039	Piece of Fabric	28ea6e79
i	30040	Leaf	fb5fd1b8
i	30041	Shiriken	b4e03706
i	30042	Tiger Fang	2c9243fa
i	30043	Bean	9aa3bb49
i	30044	Clay	0f0dbae0
i	30045	Scorpion Needle	f9bbd071
i	30046	Scorpion Tail	fc16911e
i	30047	Curse Book	c9910e4f
i	30048	Piece of Ice	fe681144
i	30049	Ice Killer Whale Horn	4299ea2f
i	30050	Ice Marble	1f49b325
i	30051	Unknown Talisman	19071283
i	30052	Flag	54230822
i	30053	Bear Foot Skin	4c2811db
i	30054	Wedding Ring	2c3488c2
i	30055	Scorpion Claw	ebdf70dd
i	30056	Spider Web	13d2b219
i	30057	Spider Eyes	b109bad8
i	30058	Spider Egg Sack	729679c5
i	30059	Spider Legs	ac3ec3a8
i	30060	Frog Tongue	e1c3255e
i	30061	Frog's Legs	b249c928
i	30062	Medicine Bowl	d83ad37e
i	30063	Skin Medicine	08035b85
i	30064	Sharp Stone	7e4cae9c
i	30065	Bell	85947859
i	30066	Hot Pepper	75913ce2
i	30067	Snakeskin	8b75bd66
i	30068	Tofu Steak	39877e6c
i	30069	Wolf Claw+	1ff0b03a
i	30070	Wolf Fur+	3dc151ac
i	30071	Bear Gall+	8c36fef3
i	30072	Bear Foot Skin+	d3143cd0
i	30073	White Hairband+	9226ef7e
i	30074	Black Uniform+	907b3fdb
i	30075	Shiriken+	e9f6dbd7
i	30076	Orc Amulet+	1a7ee719
i	30077	Orc Tooth+	df6b10e0
i	30078	Esoteric Primer+	4a90436d
i	30079	Unknown Talisman+	0e225e78
i	30080	Curse Book+	b359a76c
i	30081	Scorpion Tail+	0c86966f
i	30082	Snake Tail+	ff7d30e8
i	30083	Unknown Medicine+	ac659596
i	30084	Unknown Talisman+	0e225e78
i	30085	Piece of Fabric+	bb0bab16
i	30086	Demon's Keepsake+	14c24534
i	30087	Demon's Gem+	fe1fc0a5
i	30088	Piece of Ice+	ecd371bd
i	30089	Yeti Fur+	0a908ed1
i	30090	Ice Marble+	4f04df0a
i	30091	Warrior's Symbol	cdb1399a
i	30092	Savage's Booty	623fe3e1
i	30093	Lucky Pouch	fbbf70de
i	30094	Lucky Pouch	fbbf70de
i	30095	Lucky Pouch	fbbf70de
i	30096	Lucky Pouch	fbbf70de
i	30097	Lucky Wallet	c4a21a3b
i	30098	Lucky Pouch	fbbf70de
i	30099	Lucky Pouch	fbbf70de
i	30100	Lucky Pouch	fbbf70de
i	30101	Ariyoung's Wedding Ring	c469f9aa
i	30102	Golden Axe	aa7c7d76
i	30103	Golden Orc Tooth	0a7d92ea
i	30104	Desert Spider Web	35685154
i	30105	Scorpion Tail	0d3a5285
i	30106	Medicine for Yu-Rang	be0268d9
i	30107	Orc Fang	6baceae4
i	30108	Ceramic Enamel	85a7d6ef
i	30109	Desert Spider Web	35685154
i	30110	Letter from Huahn-So	732d16b9
i	30111	Stinger Scorpion Tail	5d51d77c
i	30112	Eel	92a0f78e
i	30113	Esoteric Scripture	07bb4cf1
i	30114	Plague	aedb6274
i	30115	Plague Cure	89fbcf72
i	30116	Frog's Legs	b249c928
i	30117	Letter	8d2937a1
i	30118	Demon's Jewellery Box	77987e46
i	30119	Bell	c41e8d3d
i	30120	Piece of a Map	5f0b1677
i	30121	Piece of a Map	5f0b1677
i	30122	Piece of a Map	5f0b1677
i	30123	Piece of a Map	5f0b1677
i	30124	Piece of a Map	5f0b1677
i	30125	Piece of a Map	5f0b1677
i	30126	Piece of a Map	5f0b1677
i	30127	Piece of a Map	5f0b1677
i	30128	Piece of a Map	5f0b1677
i	30129	Order of the Rider	66f2b8f9
i	30130	Empty Bottle	dcecb3a2
i	30131	Letter from Blacksmith	fed33b01
i	30132	Uriel's Book	b47a7c8e
i	30133	Flower Shoes	e999ed71
i	30134	Uriel's Package	d1a869ab
i	30135	Letter from Ariyoung	5481921e
i	30136	Lavishly Decorated Bow	7fc0d7d5
i	30137	Monkey blood	85499c70
i	30138	Desert sand	e4140316
i	30139	Orc Molar	613ac582
i	30140	Thread	965f8768
i	30141	Piece of Jewellery	506ff602
i	30142	Letter	8d2937a1
i	30143	Medicinal Herbs	69ca7bfc
i	30144	Tiger Liver	281158a0
i	30145	Balso's Medicine	7730c1d0
i	30146	Chunk of Ice	86833c24
i	30147	Temple Doctrine	84a2b2b6
i	30148	Temple Scarf	f8b0c9e4
i	30149	Ice Cream with Syrup	e4c5b262
i	30150	Diary Page	67638dda
i	30151	Wolf Pelt	34627181
i	30152	Medicine	a34e0151
i	30153	Flowers	58c8cd32
i	30154	Secret Temple Book	532f5d52
i	30155	Mirine's Pendant	cc025b33
i	30156	Secret Temple Book	532f5d52
i	30157	Arrowhead	e266f019
i	30158	Rice Cake	6e2350de
i	30159	Clothes	ac5a64f5
i	30160	Notice	87f27aab
i	30161	Husband's Spear	4898ebf6
i	30162	Eye of a Spider	ee0229b2
i	30163	Cotten Wool	9d414854
i	30164	Translation of Cursebook	42aedb15
i	30165	Zelkova Branch	9ed8abe8
i	30166	Tugyi's Tablet	3f8de83b
i	30167	Red Ghost Tree Branch	ee7a3e27
i	30168	Leaders' Notes	b40f5408
i	30169	Bloodred Flower	ad325022
i	30170	Orange-Coloured Flower	0425c330
i	30171	Fragrant Yellow Flower	700fb4eb
i	30172	Noble Bunch of Flowers	b551dd2d
i	30173	Mu-Rang Fur	0a08c518
i	30174	Bear Paw	fd798e3a
i	30175	Diamond-core Whale Spear	aef39e86
i	30176	Shimmering Tiger Fur	196d8616
i	30177	Musk Oil	ddb2e871
i	30178	Glyph Stone	c3851b4f
i	30179	Twisted Key	1105ae32
i	30180	Dragon God Amulet	94b349d2
i	30181	Page	07ad3728
i	30182	Legendary Diary	b01b3281
i	30183	Sombre Wooden Mask	097d0aa6
i	30184	Bewitched Ashes	619c303a
i	30185	Black Ice	0c6abe99
i	30186	Fossilised Tear	e4661f4d
i	30187	Drop of Blood	afdec2d1
i	30188	Obsidian	8d1ada40
i	30189	Baljit-Elvedin's Tears	24b7949d
i	30190	Blood Stone	2d6e9c1a
i	30191	Blood Stone	2d6e9c1a
i	30192	Plant Sap	ff3e5498
i	30193	Finger Bones	e4b41688
i	30194	Orc Club	8d464da4
i	30195	Quartz Sand	7da772e1
i	30196	Demon's Ashes	0477b1be
i	30197	Magic Seeds	c9529c3c
i	30198	Water Crystal	619f9453
i	30199	Blue Crystal	3b89e689
i	30201	Vengeance Ring	288747a8
i	30202	Tanaka's Ear	fcd654d6
i	30203	Crystal	49a5307a
i	30204	Piece of Crystal	74e7da5c
i	30205	Manufacturing Material	8d2b4e49
i	30210	Piece of Gemstone	f9446db7
i	30211	Piece of Gemstone	f9446db7
i	30212	Piece of Gemstone	f9446db7
i	30213	Piece of Gemstone	f9446db7
i	30214	Piece of Gemstone	f9446db7
i	30215	Piece of Gemstone	f9446db7
i	30216	Piece of Gemstone	f9446db7
i	30217	Piece of Gemstone	f9446db7
i	30218	Piece of Gemstone	f9446db7
i	30219	Piece of Gemstone	f9446db7
i	30220	Jinunggyi's Soul Stone	f340fc3e
i	30221	Temple Soul Stone	abee5199
i	30222	Sagyi's Soul Stone	52b8832b
i	30223	Aurtumryu's Soul Stone	d1e5bd66
i	30224	Gyimok's Soul Stone	1951851c
i	30225	Tugyi's Soul Stone	750eb5b6
i	30226	Forest Spirit Soul Stone	c2d39d2f
i	30227	Leaders' Soul Stone	f3ef4d6d
i	30228	Beran-Setaou Soul Stone	ee85bea5
i	30251	Malevolence Jewel	23fea349
i	30252	Wisdom Jewel	b30e4a9d
i	30253	Loyalty Jewel	3cc99862
i	30265	Medal Piece (1)	c013f9f8
i	30266	Medal Piece (2)	400c74b3
i	30267	Medal Piece (3)	640eebf6
i	30268	Medal Piece (4)	e41aee69
i	30269	Medal Piece (5)	481dca6c
i	30270	Dragon Stone Shard	f4fdbd98
i	30271	Ornamental Hairpin	85d760b9
i	30300	Unknown Old Chest	c192046b
i	30301	Sa-Gui Tower Map	a206164f
i	30302	Zin-Sa-Gui Tower Map	fda95133
i	30303	Bong-In Key	b48a6b8c
i	30304	Zin-Bong-In Key	6ce2aa70
i	30311	Soul Crystal Key	54413957
i	30312	Grimace Totem	8ba2561e
i	30315	Bread	86a41f81
i	30316	Donation Plate	faaba85e
i	30317	Food Donation	4ecc9ec7
i	30318	Blessing Fruit	ee0a58cd
i	30319	Shrunken Head	ee45a6d4
i	30320	Shrunken Head	ee45a6d4
i	30321	Halloween Pumpkin	a802056e
i	30322	Magic Wand	8a256d4e
i	30323	Jack O'Lantern Mask Card	f9fc9909
i	30324	Arachnids Key	9fc6159d
i	30325	Arachnids Key	9fc6159d
i	30326	Spider Queen's Poison	69bd4176
i	30327	Arachnids Whistle	2745ab5d
i	30329	Golden Cog Wheel	e8a09727
i	30330	Maat Stone	3ac06b28
i	30331	Cursed Wolf Fur	965d7728
i	30332	Cursed Bear Skin	eb65bbc6
i	30333	Cursed Tiger Skin	0f77448f
i	30341	Mushroom Soup	f5a24b1e
i	30342	Strong Herbal Brew	4406e059
i	30343	Demon Meat	9b4c72dd
i	30344	Dried Eyes	8bf4f6df
i	30345	Esoteric Wood	b1717ac6
i	30346	Bear Meat	4a9aafab
i	30347	Gourou	d5d3f5a0
i	30348	Icy Slime	66ea1da1
i	30349	Living Wood	6fe5ccae
i	30350	Monkey Claws	520846fe
i	30351	Monkey Tail	0d138842
i	30352	Orc Testicles	48352190
i	30353	Pork	78445b7c
i	30354	Red Seed	387213b1
i	30355	Rotten Meat	56abae45
i	30356	Valiant Soul	2a5ef877
i	30357	Warrior's Amulet	71f49070
i	30358	Warrior's Heart	8cf6f2e6
i	30359	Desert Sand	5a707f90
i	30360	Magic Dust	bf056423
i	30361	Essence of Nature	da25d185
i	30362	Essence of Water	68633adb
i	30363	Water Purifying Amulet	d1637690
i	30364	Enchanted Gem	baa8bfd7
i	30365	Emerald Marble	af03290f
i	30366	Parchment	106c1704
i	30367	Dragon Scales	5d6dbb77
i	30368	Reinforce Item Permit	ecb9ecd7
i	30369	Reinforce Item Permit	ecb9ecd7
i	30370	Enchant Item Permit	cf137e30
i	30371	Devil's Horns	45cfa38b
i	30372	Black Steel	1608791c
i	30373	Scholar's Tome	37ea59de
i	30374	Sage's Quill	298e95c1
i	30375	Magic Ore	5a810eff
i	30376	Wooden Key	b0314bdf
i	30377	Demonic Key	b4144f2c
i	30378	Crafting Materials	25874753
i	30379	Smelted Ore	d8d8e989
i	30380	Lockpick	6fe117f5
i	30500	Ruby Engraving Knife	4421cafd
i	30501	Gold Clasp	3cd602af
i	30502	Ruby Decoration	14d33d47
i	30503	Amethyst Engraving Knife	519664a4
i	30504	Silver Clasp	77baa239
i	30505	Emerald Decoration	5a65f91e
i	30506	Sapphire Engraving Knife	486213ea
i	30507	Bronze Clasp	fc16d25e
i	30508	Sapphire Decoration	90c8ad06
i	30509	Blue Dragon Steel	8eaccb99
i	30510	Grand Epaulette	c29b1261
i	30511	Red Fabric	8eafbb3c
i	30512	Red Dragon Steel	4970061f
i	30513	Noble Epaulette	0c437975
i	30514	Violet Fabric	d8b45841
i	30515	Purple Dragon Steel	e7483acf
i	30516	Antique Epaulette	3e682228
i	30517	Golden Fabric	3970bc2c
i	30518	Gold Yarn	d8b55e93
i	30519	Golden Hook	788a48b8
i	30520	Gold Buckle	76e8fee8
i	30521	Ring Element	a0dd4ff2
i	30522	Chain Link	351f83e1
i	30523	Jewellery Element	94c698f4
i	30524	Flame Stone	74ed8980
i	30525	Ice Flame Stone	a410b662
i	30526	Brother's Keepsake	bd0340bc
i	30527	Mirine's Ornamental Sword	1d59382e
i	30550	Blue Belt	cce88244
i	31001	Copy of the Inscription	031d4845
i	31002	Old Document	05127049
i	31003	Antidote	634d375e
i	31004	Hallowed Tree Gum	37bcc1c4
i	31005	Blue Crystal Essence	fef023c4
i	31006	Red Hell Quartz	01466736
i	31007	Volcanic Earth	b749ce19
i	31008	Heaven's Teardrop	f2bfad18
i	31009	Gnoll Letter	2deea907
i	31010	Red Thief Letter	3bcd67ea
i	31013	Slip of Paper	e4bfdaef
i	31015	Captain Hooks' Letter	608f9304
i	31016	Lee Chung's Letter	4d70c3dd
i	31017	Sealed Letter	303bb8d9
i	31018	Carapax Script	ebed182e
i	31019	Carapax Powder	986fc333
i	31020	Rock Flower Root	77f0fbdd
i	31022	Oin Scale	6234d314
i	31024	Manticore Leather	c64111f1
i	31026	Crustacean Armour	c6a15e40
i	31027	Fine Sand	00a9958e
i	31028	Clay Brick	a73633fa
i	31029	Inner Light	4f93246c
i	31030	Inner Light	4f93246c
i	31031	Millennium Essence	67dae988
i	31032	Leviathan Pearls	ef9fcb94
i	31033	Chief's Cape	31f1c65a
i	31034	Giants' Totem	63b2ff02
i	31035	Black Stone	541e1d4e
i	31036	Black Gold	2ba0b397
i	31037	Leather Bag	942afe82
i	31038	Holy Ground	bc9014e2
i	31039	Coin Bag	fe7223e5
i	31040	Golden Medal	2a6ea4f0
i	31041	Fossil Earth	c5e09b8a
i	31042	Triton Spear	3266ee9e
i	31043	Lemures Tablet	ebf47a84
i	31051	Iron	63a15925
i	31073	Auto Hunt (8h)	32ee6f96
i	31074	Riveted Necklace	95c349c8
i	31075	Barb Necklace	27c2fb75
i	31076	Sun Herbs	7e81869b
i	31077	Foundation Stone Powder	345865d5
i	31078	Pure Lumen	3f192cc2
i	31079	Letter to Yak-Hwan	6b3f8caa
i	31080	Flame King Blood	aa46a008
i	31081	Black Matter	7af8414d
i	31082	Magma Ring	96346374
i	31083	Ring of Samael	dca6b63b
i	31084	Nimbus Tincture	7ebfaa4d
i	31091	Flame King Blood	aa46a008
i	35000	Medicinal Herbs+	60c0f375
i	35001	Tiger Liver+	9e4e62d1
i	35002	Unknown Medicine	92a569f9
i	35003	Tiger Stone	a1d63884
i	35004	Wanted Poster	eb468b78
i	35005	Craftsmen's Chronicle	d42274a4
i	35006	Red Forest Root	709b4f0f
i	35007	Flame of the Damned	77656822
i	38001	VIP-Feature	72f83afb
i	38002	Tombola_ticket_today	93ff22b6
i	38003	Tombola_ticket_tomorrow	9749176e
i	38004	Tombola_reroll	7585127e
i	38005	TombolaPP_spin	8c3e0abc
i	38006	Momo-Reroll	b9eb69e2
i	38010	Yang Package	7ea79704
i	38050	Power Chest	7502e77a
i	38051	Royal Tiger Crystal	b977367b
i	38052	The Chest of Kings	cffe53e6
i	38053	Eternal Winter Chest	8c1c67fc
i	38054	Desert Storm Chest	eefe56aa
i	38055	Whelp Box	b1884c7f
i	38056	Holiday Chest	9f5861ef
i	38057	Chest of the North	281f6483
i	38100	Power Snack (7 days)	d5eb1aac
i	38101	Power Snack (15 days)	e167d87f
i	38102	Power Snack (30 days)	f6907148
i	38200	Rufus Seal	b4ab1420
i	38201	Rufus Seal	b4ab1420
i	39002	Experience Ring	b7c64167
i	39003	Peach Flower Wine	1c6310f9
i	39004	Blessing Marble	d13513a5
i	39005	Magic Copper Ore	ac537d7b
i	39006	Bravery Cape	0c2a394b
i	39008	Exorcism Scroll	b6eeee98
i	39009	Skill Reset Document	f1178505
i	39010	Potion of Attack+10	c88e8073
i	39011	Blessing of Life	dfd0a336
i	39012	Blessing of Magic	7520a07c
i	39013	Blessing of the Dragon	ad12fffc
i	39015	Stone of the Blacksmith	868603f2
i	39016	Magic Iron Ore	559b94bc
i	39017	Dragon God Life	a74905ed
i	39018	Dragon God Attack	e5297e49
i	39019	Dragon God Intelligence	e7de6ad9
i	39020	Dragon God Defence	b3fe062f
i	39021	Dragon God Support	635b7da0
i	39023	Researcher's Elixir	42a545ef
i	39024	Critical Strike	0544fd33
i	39025	Piercing Strike	695be5fd
i	39026	Potion of Speed	e76e784b
i	39027	Stone Handbook	91a5fe6b
i	39028	Enchant Item	2a95d558
i	39029	Reinforce Item	af264144
i	39030	Concentrated Reading	95c4ada1
i	39031	Potion of Haste	b78d12a0
i	39032	Fruit of Life	ea9ab60e
i	39033	Scroll of Correction	02cf9431
i	39034	Horse Sugar	b05ce4b7
i	39035	Glass of Insight	b26f1174
i	39036	Wind Shoes	ca6dd551
i	39037	Sun Elixir (S)	4ae6071a
i	39038	Sun Elixir (M)	a7822a17
i	39039	Sun Elixir (L)	a6cf3e9f
i	39040	Moon Elixir (S)	87337561
i	39041	Moon Elixir (M)	ebd42224
i	39042	Moon Elixir (L)	8b4941fc
i	39043	Scroll of the Location	63fa9841
i	40001	Unknown Gold Ring	7ca433b2
i	40002	Anti-Exp Ring	ffb74fa5
i	40003	Thor's Ring	f4f06ee5
i	40004	Eek's Ring	b8c873d9
i	40005	Sounding Bell	16c78e5e
i	40006	Savage Delivery Receipt	7b12c7f2
i	40007	Letter from Savage Boss	0c7014d9
i	41001	Rabbit Costume (brown)	2c10d3e5
i	41002	Bunny Costume (brown)	6f5107d0
i	41003	Desert Warrior (M)	4ea4c214
i	41004	Desert Warrior (F)	7794b166
i	41005	Olym. Fencing Outfit (M)	f6bd685e
i	41006	Olym. Fencing Outfit (F)	9acbe214
i	41007	GER Fencing Outfit (M)	2ac39ad3
i	41008	GER Fencing Outfit (F)	4ed2de09
i	41009	TUR Fencing Outfit (M)	37678c3e
i	41010	TUR Fencing Outfit (F)	5b76cf74
i	41011	BRA Fencing Outfit (M)	8c5710a2
i	41012	BRA Fencing Outfit (F)	80528090
i	41013	Olym. Football Outfit(M)	e9e6c433
i	41014	Olym. Football Outfit(F)	8df53de9
i	41015	GER Football Outfit (M)	9d938c36
i	41016	GER Football Outfit (F)	81a26aac
i	41017	TUR Football Outfit (M)	0b355a0b
i	41018	TUR Football Outfit (F)	af43d3c1
i	41019	BRA Football Outfit (M)	adaf753b
i	41020	BRA Football Outfit (F)	91be53b1
i	41021	Olym. Boxing Outfit (M)	d5f3a509
i	41022	Olym. Boxing Outfit (F)	b1e461d3
i	41023	GER Boxing Outfit (M)	716714a4
i	41024	GER Boxing Outfit (F)	d9c62e5f
i	41025	TUR Boxing Outfit (M)	d87cb665
i	41026	TUR Boxing Outfit (F)	f4815fa7
i	41027	BRA Boxing Outfit (M)	a7140fd9
i	41028	BRA Boxing Outfit (F)	c3053163
i	41029	Desert Warrior (M,Bonus)	14f9d5b3
i	41030	Desert Warrior (F,Bonus)	b09c2ec7
i	41031	Olym. Fencing Outfit (M)	2db1c958
i	41032	Olym. Fencing Outfit (F)	b9b722ea
i	41033	GER Fencing Outfit (M)	2ac39ad3
i	41034	GER Fencing Outfit (F)	4ed2de09
i	41035	TUR Fencing Outfit (M)	05ccf018
i	41036	TUR Fencing Outfit (F)	5b76cf74
i	41037	BRA Fencing Outfit (M)	8c5710a2
i	41038	BRA Fencing Outfit (F)	80528090
i	41039	Olym. Football Outfit(M)	e9e6c433
i	41040	Olym. Football Outfit(F)	8df53de9
i	41041	GER Football Outfit (M)	9d938c36
i	41042	GER Football Outfit (F)	81a26aac
i	41043	TUR Football Outfit (M)	0b355a0b
i	41044	TUR Football Outfit (F)	af43d3c1
i	41045	BRA Football Outfit (M)	adaf753b
i	41046	BRA Football Outfit (F)	91be53b1
i	41047	Olym. Boxing Outfit (M)	d5f3a509
i	41048	Olym. Boxing Outfit (F)	b1e461d3
i	41049	GER Boxing Outfit (M)	716714a4
i	41050	GER Boxing Outfit (F)	8d58362e
i	41051	TUR Boxing Outfit (M)	d87cb665
i	41052	TUR Boxing Outfit (F)	f4815fa7
i	41053	BRA Boxing Outfit (M)	a7140fd9
i	41054	BRA Boxing Outfit (F)	c3053163
i	41055	FRA Fencing Outfit (M)	834c005c
i	41056	FRA Fencing Outfit (F)	5f3cbd26
i	41057	ITA Fencing Outfit (M)	f9f01653
i	41058	ITA Fencing Outfit (F)	1dff5989
i	41059	POL Fencing Outfit (M)	92fbe244
i	41060	POL Fencing Outfit (F)	aeed03ce
i	41061	ROU Fencing Outfit (M)	78e75621
i	41062	ROU Fencing Outfit (F)	54d812eb
i	41063	ESP Fencing Outfit (M)	6f49ead7
i	41064	ESP Fencing Oufit (F)	1344dcd5
i	41065	FRA Football Outfit (M)	1755a458
i	41066	FRA Football Outfit (F)	a35afdea
i	41067	ITA Football Outfit (M)	bcbf9c7f
i	41068	ITA Football Outfit (F)	40ba5c1d
i	41069	POL Football Outfit (M)	46b7a4e8
i	41070	POL Football Outfit (F)	52bc34fa
i	41071	ROU Football Outfit (M)	d32e3fa5
i	41072	ROU Football Outfit (F)	ef32e8e7
i	41073	ESP Football Outfit (M)	5ecb8f43
i	41074	ESP Football Outfit (F)	42da6db9
i	41075	FRA Boxing Outfit (M)	2f95fef5
i	41076	FRA Boxing Outfit (F)	8b9b0cf7
i	41077	ITA Boxing Outfit (M)	5cc20c1a
i	41078	ITA Boxing Outfit (F)	d0bcb288
i	41079	POL Boxing Outfit (M)	f822695d
i	41080	POL Boxing Outfit (F)	7427a9bf
i	41081	ROU Boxing Outfit (M)	2e335320
i	41082	ROU Boxing Outfit (F)	3a37e332
i	41083	ESP Boxing Outfit (M)	98885992
i	41084	ESP Boxing Outfit (F)	0c830000
i	41085	FRA Fencing Outfit (M)	834c005c
i	41086	FRA Fencing Outfit (F)	5f3cbd26
i	41087	ITA Fencing Outfit (M)	f9f01653
i	41088	ITA Fencing Outfit (F)	1dff5989
i	41089	POL Fencing Outfit (M)	92fbe244
i	41090	POL Fencing Outfit (F)	aeed03ce
i	41091	ROU Fencing Outfit (M)	78e75621
i	41092	ROU Fencing Outfit (F)	54d812eb
i	41093	ESP Fencing Outfit (M)	6f49ead7
i	41094	ESP Fencing Outfit (F)	1344dcd5
i	41095	FRA Football Outfit (M)	1755a458
i	41096	FRA Football Outfit (F)	a35afdea
i	41097	ITA Football Outfit (M)	bcbf9c7f
i	41098	ITA Football Outfit (F)	40ba5c1d
i	41099	POL Football Outfit (M)	46b7a4e8
i	41100	POL Football Outfit (F)	52bc34fa
i	41101	ROU Football Outfit (M)	d32e3fa5
i	41102	ROU Football Outfit (F)	ef32e8e7
i	41103	ESP Football Outfit (M)	5ecb8f43
i	41104	ESP Football Outfit (F)	42da6db9
i	41105	FRA Boxing Outfit (M)	2f95fef5
i	41106	FRA Boxing Outfit (F)	8b9b0cf7
i	41107	ITA Boxing Outfit (M)	5cc20c1a
i	41108	ITA Boxing Outfit (F)	d0bcb288
i	41109	POL Boxing Outfit (M)	f822695d
i	41110	POL Boxing Outfit (F)	7427a9bf
i	41111	ROU Boxing Outfit (M)	2e335320
i	41112	ROU Boxing Outfit (F)	3a37e332
i	41113	ESP Boxing Outfit (M)	98885992
i	41114	ESP Boxing Outfit (F)	0c830000
i	41117	Musketeer Costume	88070e35
i	41118	Maid Uniform	1454a820
i	41119	Salsa Suit	2e5e9799
i	41120	Salsa Dress	c8894a4e
i	41121	Gentleman's Suit	41d4d931
i	41122	Cocktail Dress	43b02dd9
i	41125	Pumpkin Tuxedo	2e697262
i	41126	Pumpkin Dress	f9dd9553
i	41129	Musketeer Costume +	411b393a
i	41130	Maid Uniform +	0c448951
i	41131	Salsa Suit +	b0e8cd36
i	41132	Salsa Dress +	15201cff
i	41133	Gentleman's Suit +	bc11c3ee
i	41134	Cocktail Dress +	805853f6
i	41135	Pumpkin Tuxedo (Bonus)	0e9cddbc
i	41136	Pumpkin Dress (Bonus)	027b969d
i	41137	Christmas Costume (red)	b0cfa244
i	41138	Christmas Dress (red)	42e002a3
i	41139	Christmas Costume(green)	bd5b566b
i	41140	Christmas Dress (green)	7eed839a
i	41141	Christmas Costume(black)	fcaddbe8
i	41142	Christmas Dress (black)	45f7ddd7
i	41143	Reindeer Costume (M)	8ec5622d
i	41144	Reindeer Costume (F)	8ac9d90f
i	41145	Christmas Costume+ (red)	7e76668b
i	41146	Christmas Dress+ (red)	57c3611a
i	41147	Christmas Costume+(grn.)	d4f45192
i	41148	Christmas Dress+ (green)	2938bdd9
i	41149	Christmas Costume+(blk.)	831b6cc7
i	41150	Christmas Dress+ (black)	c4a1a0fa
i	41151	Reindeer Costume+ (M)	018166f6
i	41152	Reindeer Costume+ (F)	e590456c
i	41153	AC Miryang (M)	48042d76
i	41154	AC Miryang (F)	2c130bec
i	41155	AFC Yayang (M)	98ec5c3f
i	41156	AFC Yayang (F)	c4d119d2
i	41157	RSC Snakefield (M)	a26160d6
i	41158	RSC Snakefield (F)	86703f4c
i	41159	Yongan FC (M)	0af97c36
i	41160	Yongan FC (F)	ef085aac
i	41161	FC Bakra (M)	a707bcd3
i	41162	FC Bakra (F)	cb170009
i	41163	FC Bokjung (M)	4f53f906
i	41164	FC Bokjung (F)	f36272bc
i	41165	FC Bavaria Hwang (M)	cc854e60
i	41166	FC Bavaria Hwang (F)	d889de72
i	41167	Borussia Chunjo (M)	1f29fa1c
i	41168	Borussia Chunjo (F)	fb1ab6e6
i	41169	SC Doyyum (M)	ea2202ce
i	41170	SC Doyyum (F)	ce30e144
i	41171	Hasun Dong FC (M)	ebe0d78f
i	41172	Hasun Dong FC (F)	efdc60ad
i	41173	CFR Dragon Fire 07 (M)	d0066829
i	41174	CFR Dragon Fire 07 (F)	2bf7ee73
i	41175	Daeyami FC (M)	05ba6de6
i	41176	Daeyami FC (F)	29c9b11c
i	41177	GNK Kuahlo Dong (M)	7cbf070d
i	41178	GNK Kuahlo Dong (F)	f8c4476f
i	41179	1927 Imha (M)	e5abf4bb
i	41180	1927 Imha (F)	c9bad331
i	41181	FC Ice Land (M)	60f005a6
i	41182	FC Ice Land (F)	84ff48dc
i	41183	FC Gumsan (M)	104dda87
i	41184	FC Gumsan (F)	744867c5
i	41185	Galawaryong (M)	6ebd588d
i	41186	Galawaryong (F)	eac298ef
i	41187	Juventus Yongbi (M)	5779940d
i	41188	Juventus Yongbi (F)	d37ed46f
i	41189	OSC Lungsam (M)	3171c2f9
i	41190	OSC Lungsam (F)	4d62e483
i	41191	Doyyumhwan CF (M)	90f3f295
i	41192	Doyyumhwan CF (F)	ecf90097
i	41193	Nephrite City FC (M)	28bcf7f2
i	41194	Nephrite City FC (F)	1cb867e0
i	41195	Shinsoo United (M)	9cdd7c51
i	41196	Shinsoo United (F)	b8ce9ddb
i	41197	Dragon Valley SC (M)	542b5f93
i	41198	Dragon Valley SC (F)	783aa2c9
i	41199	Thunder Mountains FC (M)	271863f3
i	41200	Thunder Mountains FC (F)	cb26dda9
i	41201	Pyungmoo Saint Hwang (M)	88866882
i	41202	Pyungmoo Saint Hwang (F)	44375df1
i	41203	Real Sohan (M)	164ecaaa
i	41204	Real Sohan (F)	8a497118
i	41205	FC Jinno 04 (M)	183a43f2
i	41206	FC Jinno 04 (F)	0c35b3e0
i	41207	FC Sangsun Dong (M)	9f046db3
i	41208	FC Sangsun Dong (F)	4312e769
i	41209	SL Jungsun Dong (M)	fa3b1f4e
i	41210	SL Jungsun Dong (F)	de49fdc4
i	41211	Spartak Jungrang (M)	75e51640
i	41212	Spartak Jungrang (F)	01ea6fd2
i	41213	Fireland CF (M)	1a059c40
i	41214	Fireland CF (F)	a60af5d2
i	41215	FC St. Seungryong (M)	a5ed50d0
i	41216	FC St. Seungryong (F)	b1f1e0e2
i	41217	AC Miryang+ (M)	0860a7a3
i	41218	AC Miryang+ (F)	ec6f8619
i	41219	AFC Yayang+ (M)	16c4af65
i	41220	AFC Yayang+ (F)	32c958a7
i	41221	RSC Snakefield+ (M)	0d1b3a83
i	41222	RSC Snakefield+ (F)	f12a18f9
i	41223	Yongan FC+ (M)	3e6f2ee3
i	41224	Yongan FC+ (F)	227e0d59
i	41225	FC Bakra+ (M)	230c873c
i	41226	FC Bakra+ (F)	7efe0d86
i	41227	FC Bokjung+ (M)	a1ef7e13
i	41228	FC Bokjung+ (F)	c5fec149
i	41229	FC Bavaria Hwang+ (M)	9bee8785
i	41230	FC Bavaria Hwang+ (F)	37f3fa47
i	41231	Borussia Chunjo+ (M)	e3e98ea9
i	41232	Borussia Chunjo+ (F)	3fdb14f3
i	41233	SC Doyyum+ (M)	fa26835b
i	41234	SC Doyyum+ (F)	de3561d1
i	41235	Hasun Dong FC+ (M)	ac611070
i	41236	Hasun Dong FC+ (F)	38666a02
i	41237	CFR Dragon Fire 07+ (M)	effc472a
i	41238	CFR Dragon Fire 07+ (F)	63f6ed98
i	41239	Daeyami FC+ (M)	893cf6f3
i	41240	Daeyami FC+ (F)	2d4b70a9
i	41241	GNK Kuahlo Dong+ (M)	e582a656
i	41242	GNK Kuahlo Dong+ (F)	c99184cc
i	41243	1927 Imha+ (M)	9fed8a24
i	41244	1927 Imha+ (F)	bbdeabae
i	41245	FC Ice Land+ (M)	50b74b33
i	41246	FC Ice Land+ (F)	84ff48dc
i	41247	FC Gumsan+ (M)	b7907748
i	41248	FC Gumsan+ (F)	4395d0da
i	41249	Galawaryong+ (M)	58dcf2d6
i	41250	Galawaryong+ (F)	3cebd14c
i	41251	Juventus Yongbi+ (M)	392e9d56
i	41252	Juventus Yongbi+ (F)	1d3d7bcc
i	41253	OSC Lungsam+ (M)	321bc51a
i	41254	OSC Lungsam+ (F)	a6166b88
i	41255	Doyyumhwan CF+ (M)	74e62a1e
i	41256	Doyyumhwan CF+ (F)	18f4a3d4
i	41257	Nephrite City FC+ (M)	3755bb47
i	41258	Nephrite City FC+ (F)	9b504885
i	41259	Shinsoo United+ (M)	b15e95b2
i	41260	Shinsoo United+ (F)	a55a05a0
i	41261	Dragon Valley SC+ (M)	e6bc957c
i	41262	Dragon Valley SC+ (F)	42ae1bc6
i	41263	Thunder Mountains FC+ (M)	1c06cedc
i	41264	Thunder Mountains FC+ (F)	f7f78ba6
i	41265	Pyungmoo Saint Hwang+ (M)	a8589f80
i	41266	Pyungmoo Saint Hwang+ (F)	345df912
i	41267	Real Sohan+ (M)	8bfdef1f
i	41268	Real Sohan+ (F)	8ff9783d
i	41269	FC Jinno 04+ (M)	39945f47
i	41270	FC Jinno 04+ (F)	9d8eec85
i	41271	FC Sangsun Dong+ (M)	1931021c
i	41272	FC Sangsun Dong+ (F)	f521bee6
i	41273	SL Jungsun Dong+ (M)	d1ae60db
i	41274	SL Jungsun Dong+ (F)	b5bd3f51
i	41275	Spartak Jungrang+ (M)	45a71165
i	41276	Spartak Jungrang+ (F)	61abbaa7
i	41277	Fireland CF+ (M)	78b7af35
i	41278	Fireland CF+ (F)	d4bcbd37
i	41279	FC St. Seungryong+ (M)	c3b8fb15
i	41280	FC St. Seungryong+ (F)	1fbe0917
i	41291	Rabbit Costume (black)	1c1dceb3
i	41292	Rabbit Costume (blue)	a7ece8a8
i	41293	Rabbit Costume (green)	245f78a8
i	41294	Rabbit Costume (pink)	ce11766d
i	41295	Bunny Costume (black)	15ba914d
i	41296	Bunny Costume (blue)	f75a6c75
i	41297	Bunny Costume (green)	dcb48657
i	41298	Bunny Costume (pink)	28d6d2cf
i	41299	Rabbit Costume+ (black)	b2d4990e
i	41300	Rabbit Costume+ (blue)	62d1c4bf
i	41301	Rabbit Costume+ (green)	38b377ed
i	41302	Rabbit Costume+ (pink)	8603f91c
i	41303	Bunny Costume+ (black)	b0be99ce
i	41304	Bunny Costume+ (blue)	8236838a
i	41305	Bunny Costume+ (green)	6d35a614
i	41306	Bunny Costume+ (pink)	164fe678
i	41307	Cobra Outfit (m)	78235f87
i	41308	Cobra Outfit (f)	dc1decc5
i	41309	Cobra Outfit+ (m)	2cb0d648
i	41310	Cobra Outfit+ (f)	b8b62fda
i	41311	Desert Warrior (M, blk)	08fac547
i	41312	Desert Warrior (F, blk)	11d7766b
i	41313	Desert Warrior+ (M, blk)	dfb25300
i	41314	Desert Warrior+ (F, blk)	0399a47a
i	41315	Azrael's Armour (m)	2a91790f
i	41316	Azrael's Armour (f)	2e8d022d
i	41317	Azrael's Armour+ (m)	dc6f4cf0
i	41318	Azrael's Armour+ (f)	6874a682
i	41320	Pumpkin Jack Suit (m)	b962153c
i	41321	Pumpkin Jack Dress (f)	3f9477a5
i	41322	Pumpkin Jack Suit+ (m)	1b28ba1a
i	41323	Pumpkin Jack Dress+ (f)	44947f84
i	45001	Bunny Ears (brown)	66fb7b76
i	45002	Rabbit Ears (brown)	1b6d8c6a
i	45003	Headdress (M)	192f1133
i	45004	Headdress (F)	bd3d8ae9
i	45005	LotoShosi (M)	6ee8ff7d
i	45006	Fencing Hairstyle (F)	522d5922
i	45007	Mohican (M)	170db841
i	45008	Football Hair GER (F)	a5f30bd5
i	45009	Dreadlocks (M)	842edb2c
i	45010	Boxing Hair GER (F)	88ac42c3
i	45011	Headdress (M)	192f1133
i	45012	Headdress (F)	bd3d8ae9
i	45013	LotoShosi (M)	6ee8ff7d
i	45014	Fencing Hairstyle (F)	522d5922
i	45015	Mohican (M)	170db841
i	45016	Football Hair GER (F)	a5f30bd5
i	45017	Dreadlocks (M)	d6509258
i	45018	Boxing Hair GER (F)	88ac42c3
i	45019	Boxing Hair TUR (F)	b27e674a
i	45020	Boxing Hair BRA (F)	6ef5c5ea
i	45021	Olympic Boxing Hair (F)	86b32bd0
i	45022	Boxing Hair FRA (F)	8103eb46
i	45023	Boxing Hair ITA (F)	1ef5b329
i	45024	Boxing Hair POL (F)	9c3e3dee
i	45025	Boxing Hair ROU (F)	00cb328b
i	45026	Boxing Hair ESP (F)	48cd6e75
i	45027	Football Hair TUR (F)	cb6650a0
i	45028	Football Hair BRA (F)	04522b3c
i	45029	Olym. Football Hair (F)	60a7fb30
i	45030	Football Hair FRA (F)	0dccbb60
i	45031	Football Hair ITA (F)	ee524cd3
i	45032	Football Hair POL (F)	f32525b4
i	45033	Football Hair ROU (F)	e6913ca5
i	45034	Football Hair ESP (F)	c2a28d3b
i	45035	Boxing Hair TUR (F)	b27e674a
i	45036	Boxing Hair BRA (F)	6ef5c5ea
i	45037	Olym. Boxing Hair (F)	86b32bd0
i	45038	Boxing Hair FRA (F)	8103eb46
i	45039	Boxing Hair ITA (F)	1ef5b329
i	45040	Boxing Hair POL (F)	9c3e3dee
i	45041	Boxing Hair ROU (F)	00cb328b
i	45042	Boxing Hair ESP (F)	48cd6e75
i	45043	Football Hair TUR (F)	cb6650a0
i	45044	Football Hair BRA (F)	04522b3c
i	45045	Olym. Football Hair (F)	60a7fb30
i	45046	Football Hair FRA (F)	0dccbb60
i	45047	Football Hair ITA (F)	ee524cd3
i	45048	Football Hair POL (F)	f32525b4
i	45049	Football Hair ROU (F)	e6913ca5
i	45050	Football Hair ESP (F)	c2a28d3b
i	45053	Musketeer Hairstyle	ce04b4e8
i	45054	Maid Bonnet	c90cf624
i	45055	Mini Mohawk	5837c3cb
i	45056	Salsa Bun	d258c338
i	45057	Bogart Fedora	ccd08628
i	45058	Flower Hairstyle	95268d1e
i	45061	Pumpkin Mask	e460252b
i	45062	Pumpkin Mask	e460252b
i	45065	Musketeer Hairstyle +	14688ef9
i	45066	Maid Bonnet +	8e67599d
i	45067	Mini Mohawk +	bfc959a0
i	45068	Salsa Bun +	34bb16e9
i	45069	Bogart Fedora +	6f42f6b9
i	45070	Flower Hairstyle +	00b04a6f
i	45073	Pumpkin Mask (Bonus)	5fa1f7b5
i	45074	Pumpkin Mask (Bonus)	5fa1f7b5
i	45075	Christmas Hat (red)	8137df93
i	45076	Christmas Hat (green)	d543d2ea
i	45077	Christmas Hat (black)	40276c27
i	45078	Elf Hat	08336a83
i	45079	Reindeer Head (M)	0569ae60
i	45080	Reindeer Head (F)	116e3e72
i	45081	Christmas Hat+ (red)	a4406bea
i	45082	Christmas Hat+ (green)	6baff0c9
i	45083	Christmas Hat+ (black)	afd148aa
i	45084	Elf Hat+	90f0e678
i	45085	Reindeer Head+ (M)	2b71a785
i	45086	Reindeer Head+ (F)	c7771a47
i	45087	Bandana (white)	b6bdd447
i	45088	Bandana (white)	b6bdd447
i	45089	Bandana (black)	4e9815b6
i	45090	Bandana (black)	4e9815b6
i	45091	Bandana (yellow)	55bc80df
i	45092	Bandana (yellow)	55bc80df
i	45093	Bandana (orange)	1caaca2c
i	45094	Bandana (orange)	1caaca2c
i	45095	Bandana (blue)	9b185308
i	45096	Bandana (blue)	9b185308
i	45097	Bandana+ (white)	3e29031e
i	45098	Bandana+ (white)	3e29031e
i	45099	Bandana+ (black)	97637995
i	45100	Bandana+ (black)	97637995
i	45101	Bandana+ (yellow)	243850b2
i	45102	Bandana+ (yellow)	243850b2
i	45103	Bandana+ (orange)	75eb0103
i	45104	Bandana+ (orange)	75eb0103
i	45105	Bandana+ (blue)	89d13369
i	45106	Bandana+ (blue)	89d13369
i	45119	Rabbit Ears (black)	dc757377
i	45120	Rabbit Ears (blue)	aa2a01d3
i	45121	Rabbit Ears (green)	01e7cc31
i	45122	Rabbit Ears (pink)	d45bd545
i	45123	Bunny Ears (black)	fcbbf3ae
i	45124	Bunny Ears (blue)	a6ece3ea
i	45125	Bunny Ears (green)	789f5174
i	45126	Bunny Ears (pink)	669bb612
i	45127	Rabbit Ears+ (black)	5a0f5f92
i	45128	Rabbit Ears+ (blue)	7bd59fbe
i	45129	Rabbit Ears+ (green)	00cd43b8
i	45130	Rabbit Ears+ (pink)	1e33ee06
i	45131	Bunny Ears+ (black)	a9dda4e9
i	45132	Bunny Ears+ (blue)	af3f12f1
i	45133	Bunny Ears+ (green)	59e76df3
i	45134	Bunny Ears+ (pink)	1e33ee06
i	45135	Cobra Hairstyle (m)	7f90a3c3
i	45136	Cobra Hairstyle (f)	639f8239
i	45137	Cobra Hairstyle+ (m)	fd9fd74c
i	45138	Cobra Hairstyle+ (f)	1990f8d6
i	45139	Tengu Mask	fa09529f
i	45140	Venetian Mask	e209c52e
i	45141	Kifwebe Mask	143e1903
i	45142	Maya Mask	498e382a
i	45143	Tengu Mask+	50ad315c
i	45144	Venetian Mask+	da6126df
i	45145	Kifwebe Mask+	05c199f8
i	45146	Maya Mask+	cbe22993
i	45147	Black Turban (M)	fab3b054
i	45148	Black Turban (F)	56a5369e
i	45149	Black Turban+ (M)	8018fe61
i	45150	Black Turban+ (F)	5c09bb2b
i	45151	Azrael's Helmet (m)	7320ecca
i	45152	Azrael's Helmet (f)	671c5cb8
i	45153	Azrael's Helmet+ (m)	20e994bf
i	45154	Azrael's Helmet+ (f)	a4e4545d
i	45156	Pumpkin Jack Head (m)	e7db5f0e
i	45157	Pumpkin Jack Head (f)	e9db6234
i	45158	Pumpkin Jack Head+ (m)	26a9fbec
i	45159	Pumpkin Jack Head+ (f)	26a9fbec
i	50001	Lucky Book	b94fc88d
i	50002	Gold Ring	4b16c5b6
i	50003	Skill Reset Document	9f6bbd72
i	50004	Event Detector	279bc3a9
i	50005	Horse Riding Ticket	af4a06c4
i	50006	Gold Treasure Chest	40ba685b
i	50007	Silver Treasure Chest	21c85c95
i	50008	Gold Key	9fec1907
i	50009	Silver Key	4498e331
i	50010	Stocking	2e0bb4b9
i	50011	Moonlight Treasure Chest	5cca22e9
i	50012	Gold Treasure Chest+	55726850
i	50013	Silver Treasure Chest+	ec69ff1a
i	50014	Gold Key+	ecaba044
i	50015	Silver Key+	16ad81ee
i	50016	Bean Paste	b2d7017a
i	50017	Sugar Paste	087f6c02
i	50018	Fruit Paste	eb5100e9
i	50019	Sweet Rice	4ca9214e
i	50020	Bean Cake	bb8db173
i	50021	Sugar Cake	434766a5
i	50022	Fruit Cake	4c292236
i	50023	Money Pouch	09fc2b65
i	50024	Rose	bf7bcd22
i	50025	Chocolate	7a4045f9
i	50026	Coins	c9903903
i	50027	Lottery Ticket	314bdeed
i	50028	24k Gold Ring	cc54b691
i	50029	18k Gold Ring	93a66a50
i	50030	14k Gold Ring	fd9ec50c
i	50031	Rose	bf7bcd22
i	50032	Candy	14a28e9a
i	50033	Mysterious Chest	a27976a5
i	50034	Puzzle Box	a0318ebd
i	50035	Gift (yellow)	12176652
i	50036	Gift (violet)	e195a892
i	50037	Hexagonal Treasure Chest	bcb7d07a
i	50038	Bronze Certificate	27c2d821
i	50039	Silver Certificate	08f3bc1a
i	50040	Golden Certificate	af67d458
i	50041	Gift Parcel	30bb1eec
i	50042	Golden Medal of Heros	ed2f6cd3
i	50050	Horse Medal	8fe702f1
i	50051	Horse Picture	80320180
i	50052	Armed Horse Book	ef6b0a13
i	50053	Military Horse Book	a5a4ae47
i	50054	Hay	f6e139af
i	50055	Carrot	9053f4a8
i	50056	Red Ginseng	450e8b09
i	50057	Herb of Easy Monkeys	baebd917
i	50058	Herb of Normal Monkeys	b80baa07
i	50059	Herb of Hard Monkeys	1f6c5837
i	50060	Horse Riding Manual	94485324
i	50061	Horse Taming Manual	7b639afa
i	50062	Mounted Combat Manual	676a3506
i	50067	Scroll of Evolution	bdae95bf
i	50068	Scroll of Mutation	63591d48
i	50070	Chief Orc's Box	9d7fcd27
i	50071	Esoteric Leader's Box	c6f0667d
i	50072	Ghost Leader's Box	e33850a1
i	50073	Queen Spider Box	98f61570
i	50074	Giant Spider Box	940a9feb
i	50075	Giant Plague Carrier Box	078c8088
i	50076	Desert Tortoise Chest	40893ff4
i	50077	Nine Tails' Chest	1135a824
i	50078	Yellow Tiger's Chest	2aaa4ab9
i	50079	Flame King's Chest	4f7832ea
i	50080	Red Dragon's Chest	58b8ceec
i	50081	Demon King's Chest	96dd5f6a
i	50082	Grim Reaper's Chest	6c88bdf2
i	50083	Horse Riding Ticket	af4a06c4
i	50084	Key Stone	055748f9
i	50085	Seed	04cd7a7b
i	50086	Moon Cake	1d1f81b0
i	50087	Mung Bean Rice Cake	1be2a2dc
i	50088	Mugwort Rice Cake	c53372c5
i	50089	Key Stone	055748f9
i	50090	Box of Fox nine o' Tails	3e88d842
i	50091	Goldfish Sushi	dee0f386
i	50092	Carp Sushi	2527e04d
i	50093	Salmon Sushi	6e278bb4
i	50094	Catfish Sushi	70d4ee83
i	50095	Pumpkin	753a93ee
i	50096	Football	92b93d0b
i	50097	Giant Tree Chest	ae205f56
i	50098	Chegal's Chest	6bafd5c7
i	50100	Fire Crackers	bcf8215d
i	50101	Fire Crackers	bcf8215d
i	50102	Fire Crackers	bcf8215d
i	50103	Fire Crackers	bcf8215d
i	50104	Fire Crackers	bcf8215d
i	50105	Fire Crackers	bcf8215d
i	50106	Christmas Fire Cracker	21890da6
i	50107	Chinese Fire Cracker	d163bf5f
i	50108	Fireworks Top	888e9bb9
i	50109	Red Ebony Box	d47a91d5
i	50110	Pomp Ebony Box	295716f1
i	50111	Yellow Ebony Box	c747b91b
i	50112	Lightgreen Ebony Box	f73a24e5
i	50113	Green Ebony Box	c2c4b735
i	50114	Blue Ebony Box	82833a78
i	50115	Crimson Ebony Box	166a83ff
i	50116	Weapon Exchange Token	df8ae6a0
i	50117	Jewellery Box	c869ece7
i	50120	Iron Casket	01cc88de
i	50121	Iron Box	bdbd0d7a
i	50122	Iron Chest	b2429290
i	50123	Ice Cream Cone	57a2bb53
i	50124	Rotten Wooden Box	2d290f71
i	50125	Mysterious Chest	7d2e9c48
i	50126	Mysterious Chest	7d2e9c48
i	50127	Mysterious Emerald Box	51e4c5f6
i	50128	Mysterious Sapphire Box	7ade6307
i	50129	Mysterious Amethyst Box	ebd465af
i	50130	Olympic Chest	8f7e7db7
i	50131	Mysterious Citrine Box	9b1c9dff
i	50132	Mysterious Ruby Box	b1a0c0e0
i	50133	Mysterious Emerald Box	51e4c5f6
i	50134	Mysterious Sapphire Box	7ade6307
i	50135	Mysterious Amethyst Box	ebd465af
i	50136	Mysterious Topaz Box	6f3cf742
i	50137	Mysterious Citrine Box	9b1c9dff
i	50150	Ruby Key	1baf5945
i	50151	Emerald Key	6e2c8c9a
i	50152	Sapphire Key	677e7742
i	50153	Amethyst Key	18499408
i	50154	Topaz Key	7d4287ab
i	50155	Citrine Key	c00e204e
i	50156	Diamond Key	8e9c9729
i	50160	Easter Egg	edaca2b6
i	50161	Easter Egg	edaca2b6
i	50162	Easter Egg	edaca2b6
i	50163	Easter Egg	edaca2b6
i	50164	Easter Egg	edaca2b6
i	50165	Easter Egg	edaca2b6
i	50166	Easter Egg	edaca2b6
i	50167	Easter Egg	edaca2b6
i	50168	Easter Egg	edaca2b6
i	50169	Easter Egg	edaca2b6
i	50170	Easter Egg	edaca2b6
i	50171	Easter Egg	edaca2b6
i	50172	Easter Egg	edaca2b6
i	50173	Easter Egg	edaca2b6
i	50174	Easter Egg	edaca2b6
i	50175	Easter Egg	edaca2b6
i	50176	Easter Egg	edaca2b6
i	50177	Easter Egg	edaca2b6
i	50178	Easter Egg	edaca2b6
i	50179	Easter Egg	edaca2b6
i	50180	Empty Basket	239b6faf
i	50181	Basket with Easter Eggs	0912035f
i	50182	Blessing Chest	af4c9559
i	50183	Sweets	505d9309
i	50186	Azrael's Chest	964ff120
i	50187	Apprentice Chest I	5b0c6393
i	50188	Apprentice Chest II	2e81302e
i	50189	Apprentice Chest III	9c5f3225
i	50190	Expert Chest I	52736a76
i	50191	Expert Chest II	0ab0412d
i	50192	Expert Chest III	3776f06c
i	50193	Master Chest I	c8bb6a09
i	50194	Master Chest II	3f0842c0
i	50195	Master Chest III	c300bdab
i	50196	Grand Master Chest	8709bf43
i	50200	Bundle	2a5bd2c0
i	50201	Bouquet	63b52249
i	50202	Bouquet	63b52249
i	50212	Apprentice Chest I	5b0c6393
i	50213	Apprentice Chest I	5b0c6393
i	50215	Halloween Chest	669824ce
i	50216	Mulled Wine	34f8ba30
i	50217	Chest of Sands	4ef82cec
i	50218	Soldier's Chest	20c50488
i	50249	Chest of Triumph	019c5f5c
i	50252	Cor Draconis	cc5275a6
i	50254	Chest of Darkness	42acf79e
i	50255	Cor Draconis (Rough)	22f4a07c
i	50256	Cor Draconis (Cut)	d144275f
i	50257	Cor Draconis (Rare)	de71ad05
i	50258	Cor Draconis (Antique)	d9028c3d
i	50259	Cor Draconis (Legendary)	6df126c6
i	50260	Cor Draconis (Rough)	22f4a07c
i	50300	Skill Book	efefa07d
i	50301	Sun Zi Art of War	416aac61
i	50302	Wu zi Art of War	0995c90b
i	50303	WeiLiao Zi Art of War	85f9e7dc
i	50304	Combo Mastery	61d2f7fd
i	50305	Combo Master Book	34f1dc8a
i	50306	Art of Combo	354b1592
i	50307	Mission Book (Easy)	207e8c19
i	50308	Mission Book (Normal)	1879eb03
i	50309	Mission Book (Hard)	1fbf4ceb
i	50310	Mission Book (Expert)	1404d76d
i	50311	Shinsoo Linguistics	90fc386e
i	50312	Chunjo Linguistics	59354ea8
i	50313	Jinno Linguistics	0df10093
i	50314	Polymorph Book	671aafa0
i	50315	Advanced Polymorph Book	9802f72a
i	50316	Master Polymorph Book	db5eaab2
i	50317	Mission Book (Test)	19ca17ad
i	50318	Mission Book (Easy)	8a7ce269
i	50319	Mission Book (Normal)	9df49c63
i	50320	Mission Book (Hard)	ef16714b
i	50321	Mission Book (Expert)	1404d76d
i	50322	Transformation Role	831933c3
i	50401	Three-Way Cut Manual	19d6ad9c
i	50402	Sword Spin Manual	39febe4a
i	50403	Berserk Manual	4a97a837
i	50404	Aura of the Sword Manual	c3940de7
i	50405	Dash Manual	2ced0c11
i	50416	Strike Manual	55151969
i	50417	Bash Manual	55021b4d
i	50418	Pounding Manual	794c9320
i	50419	Strong Body Manual	12d3628d
i	50420	Sword Strike Manual	554d427b
i	50431	Ambush Manual	c6c7d6a4
i	50432	Fast Attack Manual	52442d56
i	50433	Rolling Dagger Manual	12a024d4
i	50434	Disguise Manual	3235e5d6
i	50435	Poisonous Cloud Manual	712fec9b
i	50446	Repetitive Shot Manual	52013da1
i	50447	Spark Manual	01d6a81a
i	50448	Fire Arrow Manual	0e7b7ac0
i	50449	Feather Walk Manual	65fcb3e6
i	50450	Poison Arrow Manual	71cd133f
i	50451	Arrow Shower Manual	6bdbce5b
i	50461	Finger Strike Manual	fcce0a88
i	50462	Dragon Swirl Manual	e9baad16
i	50463	Enchanted Blade Manual	52ece938
i	50464	Fear Manual	fa573716
i	50465	Enchanted Armour Manual	444149f7
i	50466	Dispel Manual	08756617
i	50476	Dark Strike Manual	d6b05433
i	50477	Flame Strike Manual	7e6521da
i	50478	Flame Spirit Manual	27858f9a
i	50479	Dark Protection Manual	5d5595f5
i	50480	Spirit Strike Manual	01f09d66
i	50481	Dark Orb Manual	e62102e8
i	50491	Flying Talisman Manual	826dc88c
i	50492	Shooting Dragon Manual	0ae8edcd
i	50493	Dragon's Roar Manual	a0feafb5
i	50494	Blessing Manual	ac8ffc13
i	50495	Reflect Manual	90e462c8
i	50496	Dragon's Aid Manual	048b2e8e
i	50506	Lightning Throw Manual	1d1376e9
i	50507	Summon Lightning Manual	98124813
i	50508	Lightning Claw Manual	76a9e1ad
i	50509	Cure Manual	92b93974
i	50510	Swiftness Manual	144402ca
i	50511	Attack Manual	c93d6447
i	50512	Rainbow Stone	50c32c45
i	50513	Soul Stone	ca7bd3e4
i	50600	Gathering Guide	69e576e1
i	50601	Diamond Stone	92a9682a
i	50602	Amber Stone	7767df10
i	50603	Fossil Trunk	0288eef2
i	50604	Copper Ore	f2b43ac3
i	50605	Silver Ore	4e64370a
i	50606	Gold Ore	256b8e90
i	50607	Jade Ore	e50e62b5
i	50608	Ebony Ore	c1e8e7c5
i	50609	Piece of Pearl	f1869e05
i	50610	White Gold Ore	e3f3e4b9
i	50611	Crystal Ore	a8eeea8d
i	50612	Amethyst Ore	b9d48cb9
i	50613	Heaven's Tear Ore	62cddabc
i	50614	Soul Crystal Ore	7581f042
i	50615	Ruby Ore	c02a35e4
i	50616	Garnet Ore	31f16dc1
i	50617	Emerald Ore	b772bccf
i	50618	Sapphire Ore	f15c7587
i	50621	Diamond	83890745
i	50622	Amber	2ce61052
i	50623	Fossil Wood	6b152e96
i	50624	Copper	33e47787
i	50625	Silver	9c79edb0
i	50626	Gold	e0ac5b2a
i	50627	Jade	25162292
i	50628	Ebony	2d692a62
i	50629	Pearl	7c1a255c
i	50630	White Gold	0855cb7e
i	50631	Crystal	49a5307a
i	50632	Amethyst	19608f26
i	50633	Heaven's Tear	9d8f5410
i	50634	Soul Crystal	c9343097
i	50635	Ruby	1fe3f5a9
i	50636	Garnet	8a50ee3e
i	50637	Emerald	eda8c790
i	50638	Sapphire	ac758d38
i	50701	Peach Blossom	375506e9
i	50702	Bellflower	fed5c9fc
i	50703	Kaki Blossom	bb0ff95d
i	50704	Gango Root	433f2325
i	50705	Lilac	cbb36a2e
i	50706	Tue Fungus	c761bd77
i	50707	Alpine Rose	fae6072b
i	50708	Mulberry	3d5e0595
i	50709	Dandelion	178b11e8
i	50710	Thistle	cf2b4e46
i	50711	Date	175a5094
i	50712	Sam-Zi Plant	bc44b957
i	50721	Peach Blossom	375506e9
i	50722	Bellflower	fed5c9fc
i	50723	Kaki Blossom	bb0ff95d
i	50724	Gango Root	433f2325
i	50725	Lilac	cbb36a2e
i	50726	Tue Fungus	c761bd77
i	50727	Alpine Rose	fae6072b
i	50728	Mulberry	3d5e0595
i	50729	Dandelion	178b11e8
i	50730	Thistle	cf2b4e46
i	50731	Night Star	374d72fe
i	50732	Snowflower	8da460a0
i	50733	Amber Petal	a7993d51
i	50734	Pearl Panicles	c1026661
i	50735	Snake Root	d23527fe
i	50736	Cave Mushroom	70afab2b
i	50801	Peach Blossom Juice	ee4f5e47
i	50802	Bellflower Juice	b160d41f
i	50803	Kaki Blossom Juice	26fe396b
i	50804	Gango Root Juice	93a098e9
i	50805	Lilac Juice	e1451505
i	50806	Tue Fungal Resin	3f23b875
i	50807	Alpine Rose Juice	0555da45
i	50808	Mulberry Juice	293a65fc
i	50809	Dandelion Juice	6ff472ef
i	50810	Thistle Juice	32fb41c3
i	50811	Date Extract	dbb8cf1a
i	50812	Juice of Sam-Zi Plant	085620b4
i	50813	Sim Water	704a0073
i	50814	Dok Water	cee0a73a
i	50815	Bo Water	b7d7809f
i	50816	Young Water	c0caa69c
i	50817	Zin Water	bff9748d
i	50818	SamBo Water	2930bfac
i	50819	Mong Water	130b788b
i	50820	Hwal Water	51cb1f24
i	50821	Red Dew	eae9fd4b
i	50822	Pink Dew	e6d8c90f
i	50823	Yellow Dew	15a97da6
i	50824	Green Dew	c0ba82fe
i	50825	Blue Dew	803753f9
i	50826	White Dew	ec749bea
i	50901	Empty Bottle (S)	b6338304
i	50902	Empty Bottle (M)	d054d841
i	50903	Empty Bottle (L)	b244c5d9
i	50908	Herbalist's Marble	0f1b8131
i	50909	Recipe: Purple Potion	dc2c3720
i	50910	Random Recipe	6eba0f37
i	50911	Recipe: Purple Potion	dc2c3720
i	50912	Recipe: Green Potion	4f882390
i	50913	Recipe: Orange Brew	94c4b612
i	50914	Recipe: Yellow Brew	1c54d31c
i	50915	Recipe: Cyan Brew	b912f37a
i	50916	Recipe: Blue Brew	78e365d9
i	50917	Recipe: Green Brew	cbc6c1d4
i	50918	Recipe: Platinum Brew	8b01fdd3
i	50919	Recipe: Pink Brew	c4042a85
i	50920	Recipe: Red Brew	1e70a325
i	50921	Recipe: Purple Brew	2a5daa64
i	50922	Recipe: Crimson Brew	f5e2b612
i	50923	Recipe: Grey Brew	0347fa51
i	50924	Recipe: Enchantment Potion	910f6983
i	50925	Recipe: Durability Potion	32184df8
i	50926	Recipe: HP Regeneration Potion	aac2dfce
i	50927	Recipe: MP Regeneration Potion	40c238f0
i	50928	Recipe: Slayer Potion	36e52d9c
i	50929	Recipe: Runner Potion	6fe8282c
i	50930	Recipe: Wisdom Potion	bf89fc53
i	50931	Recipe: Invulnerability Potion	7eb6389e
i	50932	Recipe: Genius Potion	67cd4d00
i	50933	Recipe: Determination Potion	464b2faf
i	50934	Recipe: Stagnation Potion	d84e2c1a
i	50935	Recipe: Quick Analysis Potion	7e8fb0a5
i	50936	Recipe: Power Potion	b8c1a787
i	50937	Recipe: Dragon Scale Potion	3a07dcd8
i	50938	Recipe: Red Potion(XL)	ac233f88
i	50939	Recipe: Blue Potion(XL)	4799c2b4
i	50940	Recipe: Sun Elixir (S)	c1160859
i	50941	Recipe: Moon Elixir (S)	0b023afe
i	50942	Recipe: Brown Brew	6a22309c
i	50943	Recipe: Beige Brew	fafa16cb
i	50944	Recipe: Sun Elixir (M)	65b719dc
i	50945	Recipe: Moon Elixir (M)	a79ec2bb
i	50946	Recipe: Sun Elixir (L)	c504c584
i	50947	Recipe: Moon Elixir (L)	07137dd3
i	51001	Energy Fragment	f62b3c2a
i	51002	Energy Crystal	011fdccd
i	51501	Cor Draconis (Rough)	22f4a07c
i	51502	Cor Draconis (Rough)	22f4a07c
i	51503	Cor Draconis (Normal)	4c830772
i	51504	Cor Draconis (Noble)	543b0693
i	51505	Cor Draconis (Precious)	a9231d62
i	51506	Cor Draconis (Mystical)	822c5a76
i	51507	Cor Draconis (Cut)	45ec31de
i	51508	Cor Draconis (Rare)	de71ad05
i	51509	Cor Draconis (Antique)	d9028c3d
i	51510	Cor Draconis (Legendary)	02c70abd
i	51511	Cor Diamas	9560a388
i	51512	Cor Rubinum	fc300b53
i	51513	Cor Jadeit	fb4f5d0a
i	51514	Cor Saphirum	4cbb76b4
i	51515	Cor Granatum	3fbef1ec
i	51516	Cor Atrum	c67e8c7c
i	51517	Cor Diamas (Normal)	4b10465c
i	51518	Cor Rubinum (Normal)	604b07bb
i	51519	Cor Jadeit (Normal)	bf5fbb0e
i	51520	Cor Saphirum (Normal)	14a0e0b0
i	51521	Cor Granatum (Normal)	da0f24f8
i	51522	Cor Atrum (Normal)	fa307cc8
i	51523	Cor Diamas (Noble)	49d07c7c
i	51524	Cor Rubinum (Noble)	91ae80e1
i	51525	Cor Jadeit (Noble)	19f038c2
i	51526	Cor Saphirum (Noble)	6fe61c31
i	51527	Cor Granatum (Noble)	710b69b9
i	51528	Cor Atrum (Noble)	c717d7c0
i	51529	Cor Diamas (Precious)	e8879133
i	51530	Cor Rubinum (Precious)	8813230e
i	51531	Cor Jadeit (Precious)	68b1395d
i	51532	Cor Saphirum (Precious)	38633124
i	51533	Cor Granatum (Precious)	6bdfbdcc
i	51534	Cor Atrum (Precious)	ed4e3c0f
i	51535	Cor Diamas (Flawless)	862f601c
i	51536	Cor Rubinum (Flawless)	e0d9b315
i	51537	Cor Jadeit (Flawless)	85fd7d46
i	51538	Cor Saphirum (Flawless)	6df0eb68
i	51539	Cor Granatum (Flawless)	a25e0fc0
i	51540	Cor Atrum (Flawless)	57d2c330
i	51541	Cor Draconis (Glowing)	7d4202a3
i	51542	Cor Diamas (Glowing)	52752784
i	51543	Cor Rubinum (Glowing)	127d5e55
i	51544	Cor Jadeit (Glowing)	2d879b62
i	51545	Cor Saphirum (Glowing)	b9a7e9d9
i	51546	Cor Granatum (Glowing)	8ace48e1
i	51547	Cor Atrum (Glowing)	514308a8
i	51548	Cor Draconis (Flawless)	3b607b32
i	51549	Cor Draconis (Eternal)	08706c90
i	51550	Cor Diamas (Eternal)	00b4d552
i	51551	Cor Rubinum (Eternal)	0e2cb909
i	51552	Cor Jadeit (Eternal)	235e1634
i	51553	Cor Saphirum (Eternal)	88d040fe
i	51554	Cor Granatum (Eternal)	09b18dc6
i	51555	Cor Atrum (Eternal)	b0fec816
i	51556	Cor Diamas (Mystical)	70591800
i	51557	Cor Rubinum (Mystical)	a110161d
i	51558	Cor Jadeit (Mystical)	d79bdd12
i	51559	Cor Saphirum (Mystical)	8f69b064
i	51560	Cor Granatum (Mystical)	50563d5c
i	51561	Cor Atrum (Mystical)	d49b63ac
i	51562	Cor Draconis (Epic)	ffce543d
i	51563	Cor Diamas (Epic)	5508faef
i	51564	Cor Rubinum (Epic)	c2f45fa8
i	51565	Cor Jadeit (Epic)	53438381
i	51566	Cor Saphirum (Epic)	01226c6b
i	51567	Cor Granatum (Epic)	d205b2b3
i	51568	Cor Atrum (Epic)	13f9a9e3
i	51569	Cor Draconis (Divine)	2820e40c
i	51570	Cor Diamas (Divine)	11b2b142
i	51571	Cor Rubinum (Divine)	137d7517
i	51572	Cor Jadeit (Divine)	2622ee08
i	51573	Cor Saphirum (Divine)	bbceb2a6
i	51574	Cor Granatum (Divine)	fbb85f7e
i	51575	Cor Atrum (Divine)	ad9253ce
i	51576	Cor Draconis+ (Normal)	db5b2bc4
i	51577	Cor Diamas+ (Normal)	61e7c309
i	51578	Cor Rubinum+ (Normal)	4cf1dfbc
i	51579	Cor Jadeit+ (Normal)	b3372c5b
i	51580	Cor Saphirum+ (Normal)	62af486e
i	51581	Cor Granatum+ (Normal)	97e1b636
i	51582	Cor Atrum+ (Normal)	06f0b3bd
i	51583	Cor Draconis+ (Noble)	a153b87f
i	51584	Cor Diamas+ (Noble)	b359cd4b
i	51585	Cor Rubinum+ (Noble)	6da7e71d
i	51586	Cor Jadeit+ (Noble)	ce087b01
i	51587	Cor Saphirum+ (Noble)	19815cc5
i	51588	Cor Granatum+ (Noble)	df13067d
i	51589	Cor Atrum+ (Noble)	93df70f7
i	51590	Cor Draconis+ (Precious)	b44355fc
i	51591	Cor Diamas+ (Precious)	b576b2b4
i	51592	Cor Rubinum+ (Precious)	9e857aa8
i	51593	Cor Jadeit+ (Precious)	49646b2e
i	51594	Cor Saphirum+ (Precious)	5ab3bee2
i	51595	Cor Granatum+ (Precious)	06c9dc2a
i	51596	Cor Atrum+ (Precious)	5ae8c508
i	51597	Cor Draconis+ (Flawless)	85160fa9
i	51598	Cor Diamas+ (Flawless)	4c1c075b
i	51599	Cor Rubinum+ (Flawless)	994304fc
i	51600	Cor Jadeit+ (Flawless)	97065935
i	51601	Cor Saphirum+ (Flawless)	60ee45af
i	51602	Cor Granatum+ (Flawless)	ca495207
i	51603	Cor Atrum+ (Flawless)	3b75b517
i	51604	Cor Draconis+ (Glowing)	35240467
i	51605	Cor Diamas+ (Glowing)	c9b4e0ff
i	51606	Cor Rubinum+ (Glowing)	9b778f25
i	51607	Cor Jadeit+ (Glowing)	e2edec75
i	51608	Cor Saphirum+ (Glowing)	4db16d45
i	51609	Cor Granatum+ (Glowing)	8694451d
i	51610	Cor Atrum+ (Glowing)	328e830b
i	51611	Cor Draconis+ (Eternal)	af3f653d
i	51612	Cor Diamas+ (Eternal)	5b960f07
i	51613	Cor Rubinum+ (Eternal)	728f6bb2
i	51614	Cor Jadeit+ (Eternal)	6b8e0ba9
i	51615	Cor Saphirum+ (Eternal)	c3785f9b
i	51616	Cor Granatum+ (Eternal)	3a3e7283
i	51617	Cor Atrum+ (Eternal)	ea0a3c33
i	51618	Cor Draconis+ (Mystical)	a3d85bb9
i	51619	Cor Diamas+ (Mystical)	8da242d3
i	51620	Cor Rubinum+ (Mystical)	ad758d60
i	51621	Cor Jadeit+ (Mystical)	d9b7eebd
i	51622	Cor Saphirum+ (Mystical)	2930c7bf
i	51623	Cor Granatum+ (Mystical)	9772bcd7
i	51624	Cor Atrum+ (Mystical)	96216147
i	51625	Cor Draconis+ (Epic)	42859c7c
i	51626	Cor Diamas+ (Epic)	fce59536
i	51627	Cor Rubinum+ (Epic)	1a61214f
i	51628	Cor Jadeit+ (Epic)	c79d7548
i	51629	Cor Saphirum+ (Epic)	e37afdba
i	51630	Cor Granatum+ (Epic)	93aa2d22
i	51631	Cor Atrum+ (Epic)	cb8fbfb2
i	51632	Cor Draconis+ (Divine)	da5e0bc3
i	51633	Cor Diamas+ (Divine)	de67c459
i	51634	Cor Rubinum+ (Divine)	10bc3022
i	51635	Cor Jadeit+ (Divine)	f0dcfc37
i	51636	Cor Saphirum+ (Divine)	355f50f5
i	51637	Cor Granatum+ (Divine)	d222d1ed
i	51638	Cor Atrum+ (Divine)	6a1cf99d
i	51639	Dragon Chest	b0066bd1
i	51640	Dragon Chest+	141bfa8e
i	51641	Dragon Chest+ (Coloured)	6f6fc79d
i	51642	Dragon Chest (Coloured)	2bde8d90
i	51643	Noble Dragon Chest	09cca878
i	51644	Noble Dragon Chest+	c02cfaa9
i	51645	N. Dragon Cht+(Coloured)	84938b14
i	51646	N. Dragon Cht (Coloured)	5bb4eaeb
i	51700	Orange Juice	bc519fb7
i	51701	Orange Water	c46b9e49
i	51702	Orange Dew	8988cfc7
i	51705	Yellow Juice	3751b5d8
i	51706	Yellow Water	d6ba9268
i	51707	Yellow Dew	15a97da6
i	51710	Cyan Juice	823281a8
i	51711	Cyan Water	1997ecb8
i	51712	Cyan Dew	95bd21d6
i	51715	Blue Juice	d75f587d
i	51716	Blue Water	5b0c620f
i	51717	Blue Dew	803753f9
i	51720	Green Juice	85f5dae0
i	51721	Green Water	c06b0780
i	51722	Green Dew	c0ba82fe
i	51725	Platinum Juice	45bd9a53
i	51726	Platinum Water	0b5cb9fd
i	51727	Platinum Dew	4890cc0b
i	51730	Pink Juice	6aecbaaf
i	51731	Pink Water	86c22b31
i	51732	Pink Dew	e6d8c90f
i	51735	Red Juice	85d1d893
i	51736	Red Water	adb5eb3d
i	51737	Red Dew	eae9fd4b
i	51740	Purple Juice	40fd3570
i	51741	Purple Water	3c72d5d0
i	51742	Purple Dew	1decbd6e
i	51745	Crimson Juice	4d07245a
i	51746	Crimson Water	de4261f2
i	51747	Crimson Dew	c6872a4c
i	51748	Crimson Potion	652c8151
i	51750	Grey Juice	ec2c6aad
i	51751	Grey Water	12d0dbcf
i	51752	White Dew	ec749bea
i	51753	Grey Potion	3105a9b4
i	51755	Enchantment Potion (M)	d3bda7a5
i	51756	Enchantment Potion (L)	f30aee8d
i	51760	Durability Potion (M)	b234c420
i	51761	Durability Potion (L)	34241a98
i	51765	HP Regeneration Potion	71303d41
i	51766	MP Regeneration Potion	c730c4a3
i	51770	Slayer Potion (S)	9ab3325b
i	51771	Slayer Potion (M)	8091dd1e
i	51772	Slayer Potion (L)	1ec9c876
i	51775	Runner Potion (M)	a7b74ffa
i	51776	Runner Potion (L)	297f9702
i	51780	Immunity Potion	222e9111
i	51781	Invulnerability Potion	a3171f91
i	51782	Genius Potion	b356ea79
i	51783	Determination Potion	8728bf9e
i	51784	Stagnation Potion	93612ce9
i	51785	Quick Analysis Potion	39c9ce20
i	51790	Power Potion (S)	fb2340cc
i	51791	Power Potion (M)	96829409
i	51792	Power Potion (L)	f70d7431
i	51795	Dragon Scale Potion (S)	d9c9db0d
i	51796	Dragon Scale Potion (M)	abf0cf20
i	51797	Dragon Scale Potion (L)	2de02598
i	51798	Seungryong Brew	ce3802ba
i	51800	Brown Juice	dbd857d8
i	51801	Brown Water	d6ab9868
i	51802	Brown Dew	159a83a6
i	51805	Beige Juice	1f0aa295
i	51806	Beige Water	3ec621a7
i	51807	Beige Dew	c945c611
i	52001	Young Wild Boar (Seal)	c72a90f3
i	52002	Young Wild Boar (Seal)	c72a90f3
i	52003	Young Wild Boar (Seal)	c72a90f3
i	52004	Young Wild Boar (Seal)	c72a90f3
i	52005	Young Wild Boar (Seal)	c72a90f3
i	52006	Wild Boar (Seal)	ce7301ae
i	52007	Wild Boar (Seal)	ce7301ae
i	52008	Wild Boar (Seal)	ce7301ae
i	52009	Wild Boar (Seal)	ce7301ae
i	52010	Wild Boar (Seal)	ce7301ae
i	52011	Valiant Wild Boar (Seal)	16f29cc2
i	52012	Valiant Wild Boar (Seal)	16f29cc2
i	52013	Valiant Wild Boar (Seal)	16f29cc2
i	52014	Valiant Wild Boar (Seal)	16f29cc2
i	52015	Valiant Wild Boar (Seal)	16f29cc2
i	52016	Young Wolf (Seal)	3e2a30f8
i	52017	Young Wolf (Seal)	3e2a30f8
i	52018	Young Wolf (Seal)	3e2a30f8
i	52019	Young Wolf (Seal)	3e2a30f8
i	52020	Young Wolf (Seal)	3e2a30f8
i	52021	Wild Wolf (Seal)	6d524f0d
i	52022	Wild Wolf (Seal)	6d524f0d
i	52023	Wild Wolf (Seal)	6d524f0d
i	52024	Wild Wolf (Seal)	6d524f0d
i	52025	Wild Wolf (Seal)	6d524f0d
i	52026	Valiant Wolf (Seal)	736c5119
i	52027	Valiant Wolf (Seal)	736c5119
i	52028	Valiant Wolf (Seal)	736c5119
i	52029	Valiant Wolf (Seal)	736c5119
i	52030	Valiant Wolf (Seal)	736c5119
i	52031	Young Lion (Seal)	f31637fb
i	52032	Young Lion (Seal)	f31637fb
i	52033	Young Lion (Seal)	f31637fb
i	52034	Young Lion (Seal)	f31637fb
i	52035	Young Lion (Seal)	f31637fb
i	52036	Wild Lion (Seal)	4563f094
i	52037	Wild Lion (Seal)	4563f094
i	52038	Wild Lion (Seal)	4563f094
i	52039	Wild Lion (Seal)	4563f094
i	52040	Wild Lion (Seal)	4563f094
i	52041	Valiant Lion (Seal)	9c0c0780
i	52042	Valiant Lion (Seal)	9c0c0780
i	52043	Valiant Lion (Seal)	9c0c0780
i	52044	Valiant Lion (Seal)	9c0c0780
i	52045	Valiant Lion (Seal)	9c0c0780
i	52046	Young Tiger (Seal)	513a475f
i	52047	Young Tiger (Seal)	513a475f
i	52048	Young Tiger (Seal)	513a475f
i	52049	Young Tiger (Seal)	513a475f
i	52050	Young Tiger (Seal)	513a475f
i	52051	Wild Tiger (Seal)	65db79d6
i	52052	Wild Tiger (Seal)	65db79d6
i	52053	Wild Tiger (Seal)	65db79d6
i	52054	Wild Tiger (Seal)	65db79d6
i	52055	Wild Tiger (Seal)	65db79d6
i	52056	Valiant Tiger (Seal)	45c45c12
i	52057	Valiant Tiger (Seal)	45c45c12
i	52058	Valiant Tiger (Seal)	45c45c12
i	52059	Valiant Tiger (Seal)	45c45c12
i	52060	Valiant Tiger (Seal)	45c45c12
i	52061	Young Reindeer (Seal)	f985cf6c
i	52062	Young Reindeer (Seal)	f985cf6c
i	52063	Young Reindeer (Seal)	f985cf6c
i	52064	Young Reindeer (Seal)	f985cf6c
i	52065	Young Reindeer (Seal)	f985cf6c
i	52066	Wild Reindeer (Seal)	351101ec
i	52067	Wild Reindeer (Seal)	351101ec
i	52068	Wild Reindeer (Seal)	351101ec
i	52069	Wild Reindeer (Seal)	351101ec
i	52070	Wild Reindeer (Seal)	351101ec
i	52071	Valiant Reindeer (Seal)	7bc744f0
i	52072	Valiant Reindeer (Seal)	7bc744f0
i	52073	Valiant Reindeer (Seal)	7bc744f0
i	52074	Valiant Reindeer (Seal)	7bc744f0
i	52075	Valiant Reindeer (Seal)	7bc744f0
i	52076	Young Reindeer (Seal)	f985cf6c
i	52077	Young Reindeer (Seal)	f985cf6c
i	52078	Young Reindeer (Seal)	f985cf6c
i	52079	Young Reindeer (Seal)	f985cf6c
i	52080	Young Reindeer (Seal)	f985cf6c
i	52081	Wild Reindeer (Seal)	351101ec
i	52082	Wild Reindeer (Seal)	351101ec
i	52083	Wild Reindeer (Seal)	351101ec
i	52084	Wild Reindeer (Seal)	351101ec
i	52085	Wild Reindeer (Seal)	351101ec
i	52086	Valiant Reindeer (Seal)	2253d7b6
i	52087	Valiant Reindeer (Seal)	2253d7b6
i	52088	Valiant Reindeer (Seal)	2253d7b6
i	52089	Valiant Reindeer (Seal)	2253d7b6
i	52090	Valiant Reindeer (Seal)	2253d7b6
i	52091	Young Dragor Seal	8ea37ff6
i	52092	Young Dragor Seal	8ea37ff6
i	52093	Young Dragor Seal	8ea37ff6
i	52094	Young Dragor Seal	8ea37ff6
i	52095	Young Dragor Seal	8ea37ff6
i	52096	Wild Dragor Seal	b17a4838
i	52097	Wild Dragor Seal	b17a4838
i	52098	Wild Dragor Seal	b17a4838
i	52099	Wild Dragor Seal	b17a4838
i	52100	Wild Dragor Seal	b17a4838
i	52101	Brave Dragor Seal	28241ed5
i	52102	Brave Dragor Seal	28241ed5
i	52103	Brave Dragor Seal	28241ed5
i	52104	Brave Dragor Seal	28241ed5
i	52105	Brave Dragor Seal	28241ed5
i	52701	Lion Certificate	e6977ea8
i	52702	Tiger Certificate	a9f3b8f9
i	52703	Wild Boar Certificate	ffe26f2d
i	52704	Wolf Certificate	3b5a4958
i	52705	Reindeer Certificate (m)	bc99dd92
i	52706	Reindeer Certificate (f)	369b7644
i	52707	Dragor Certificate	a6af344f
i	53002	Young Reindeer Seal	d0a8199d
i	53003	Ice Phoenix Seal	a9151f53
i	53005	Baby Azrael	8c2a7993
i	53006	Baby Azrael (gold)	52053565
i	53007	Bambi Seal	bc5adca5
i	53008	Knuud Seal	6b534fd4
i	53009	Bao Bao Seal	112dbc31
i	53010	Leonidas Seal	d855369a
i	53011	Khan Seal	030e6093
i	53012	Porky Seal	2bd9deec
i	53013	Rufus Seal	b4ab1420
i	53014	Mini-Executor Seal	2b577097
i	53015	Mini-Executor Seal(gold)	d06c2621
i	53016	Boney Seal	9eb3d4c9
i	53017	Jade Phoenix Seal	ca0fb76f
i	53502	Young Reindeer Chest	6108503f
i	53503	Ice Phoenix Cage	ed11fa1e
i	53505	Baby Azrael Chest	853f4667
i	53506	Baby Azrael Chest (gold)	93fca592
i	53507	Bambi's Chest	5717442b
i	53508	Knuud's Chest	313a00d2
i	53509	Bao Bao's Chest	3feed382
i	53510	Leonidas' Chest	9c0f9bec
i	53511	Khan's Chest	b9855cf1
i	53512	Porky's Chest	083e840a
i	53513	Rufus' Chest	6fa56456
i	53514	Executioner's Chest	743d6ae5
i	53515	Executioner's Chest (Gold)	07361e3b
i	53516	Bone Chest	ec4645db
i	53517	Jade Cage	ce4475d3
i	60001	Gall	593cc53e
i	60002	Note from Storage Guard	fa679527
i	60003	Heroic Symbol	81753fb8
i	69000	Bash Secret	912229c5
i	69010	Chi Secret	ab4002cb
i	69020	Ghost Strike Secret	bd43d6dc
i	69030	Attack Strike Secret	e42c609d
i	69040	Ambush Secret	2c6c9448
i	69050	Arrow Secret	df250f03
i	69060	Feather Walk Secret	042b0331
i	69070	Fast Attack Secret	a482db3c
i	69080	Dark Strike Secret	8cdda4db
i	69090	Dragon Swirl Secret	b6fd0af3
i	69100	Heaven and Earth Secret	d0d81b0c
i	69110	Enchanted Blade Secret	af0d48ef
i	69120	Flying Talisman Secret	473649bc
i	69130	Cure Secret	d8d30e1c
i	69140	Dragon's Help Secret	ffa2166b
i	69150	Blessing Secret	2c4f9399
i	70001	Goddess' Doll	54e344d4
i	70002	Third Hand	74c6970f
i	70003	Book of the Leader	e0167ff3
i	70004	Medal of Diligence	5668ae15
i	70005	Experience Ring	b7c64167
i	70006	Language Ring	4de823aa
i	70007	Ring of Concealment	6c191cf2
i	70008	White Flag	ddb69bea
i	70009	Treasure Chest	bfb15370
i	70010	Storage Ticket	e31cd624
i	70011	Upgrade Bottle	c14372a6
i	70012	Goddess Tear	2c69f5f7
i	70013	Giant Goddess Tear	2d98db84
i	70014	Blood Pill	4f9a7c94
i	70015	Cheap Brush	e5ed8189
i	70016	Indian Armband	384c9c71
i	70017	Precious Armband	e4082b2d
i	70018	Phoenix Earrings	f1dd4756
i	70019	Millionaire's Necklace	b5cfcd8e
i	70020	Peach Flower Wine	1c6310f9
i	70021	Angel's Blessing	f69135a8
i	70022	Bera's Heart	a5133067
i	70023	Wise Man's Cane	912733ac
i	70024	Blessing Marble	d13513a5
i	70025	Dignity Ring	651ab598
i	70026	Vanishing Mirror	6a52771b
i	70029	Red Quill	086a2917
i	70030	Red Monocle	142fae20
i	70031	Fencing Pamphlet	28be1602
i	70032	Two-handed Sword Manual	72f900d9
i	70033	One-handed Sword Manual	e8ff83b1
i	70034	Dagger Handbook	88e5d029
i	70035	Magic Copper Ore	ac537d7b
i	70036	Student's Memo	f219fa07
i	70037	Book of Forgetfulness	0c29aacf
i	70038	Bravery Cape	0c2a394b
i	70039	Blacksmith Handbook	2d64847a
i	70040	Orc Stubbornness	8f7a1a5c
i	70041	Fist of Disciple	4240a94e
i	70042	Enchanted Glove	e2bee8ca
i	70043	Thief's Glove	2eff54fc
i	70044	Dark Lord's Horn	be41c5c3
i	70045	Dark Lord's Fang	b91fc4a7
i	70046	Dragon God's Grail	e91b3b43
i	70047	Language Ring(Sample)	2cc4e20c
i	70048	Fugitive's Cape	426601d4
i	70049	Lucy's Ring	4273f730
i	70050	Sage King's Symbol	f28e7721
i	70051	Sage King's Glove	5808616f
i	70052	Charm of Karma1	2ae14350
i	70053	Charm of Karma2	2de14809
i	70054	Charm of Karma3	2ce14676
i	70056	Pomegranate Juice+	b851e4a4
i	70057	Bravery Cape	0c2a394b
i	70058	Teleportation Ring	179079e9
i	70101	Book of Providence	a6a71dc3
i	70102	Zen Bean	cb398a33
i	70103	Sutra	e5bbf096
i	70104	Polymorph Marble	c7f0268b
i	70105	Polymorph Marble	c7f0268b
i	70106	Polymorph Marble	c7f0268b
i	70107	Polymorph Marble	c7f0268b
i	70124	Blessing Marble	d13513a5
i	70138	Bravery Cape	0c2a394b
i	70201	Bleach	ced5bc25
i	70202	White Hair Dye	350fb772
i	70203	Blonde Hair Dye	6582a3cf
i	70204	Red Hair Dye	827dab6b
i	70205	Brown Hair Dye	a097858e
i	70206	Black Hair Dye	3a4860b3
i	70207	Bleach	ced5bc25
i	70208	Brown Dye	752980fb
i	70251	Red Herb	afac3444
i	70252	Blue Herb	05c7ff4d
i	70253	Green Herb	939166eb
i	70254	Purple Herb	b236733b
i	70301	Engagement Ring	b453a942
i	70302	Wedding Ring	2c3488c2
i	71001	Exorcism Scroll	b6eeee98
i	71002	Status Reset Document	af87eef0
i	71003	Skill Reset Document	f1178505
i	71004	Medal of the Dragon	ce5b8371
i	71005	Language Ring	4de823aa
i	71006	Language Ring	4de823aa
i	71007	Language Ring	4de823aa
i	71008	Fishing Book	6f9d02dc
i	71009	Storage Chest	ddf2fc98
i	71010	Third Hand	74c6970f
i	71011	Emotion Mask	d48c8889
i	71012	Book of the Leader	e0167ff3
i	71013	Firework	888e9bb9
i	71014	Potion of Attack+10	c88e8073
i	71015	Experience Ring	b7c64167
i	71016	Thief's Gloves	2eff54fc
i	71017	Lucky Medal	06733f79
i	71018	Blessing of Life	dfd0a336
i	71019	Blessing of Magic	7520a07c
i	71020	Blessing of the Dragon	ad12fffc
i	71021	Scroll of War	6baba75a
i	71022	Return of Intelligence	652ddc52
i	71023	Return of Vitality	e494c0d1
i	71024	Return of Strength	c672b9db
i	71025	Stone of the Blacksmith	868603f2
i	71026	Magic Iron Ore	559b94bc
i	71027	Dragon God Life	a74905ed
i	71028	Dragon God Attack	e5297e49
i	71029	Dragon God Intelligence	e7de6ad9
i	71030	Dragon God Defence	b3fe062f
i	71031	Dragon God Support	635b7da0
i	71032	Dragon Scroll	1bcc9ec6
i	71033	Emotion Mask	d48c8889
i	71034	Potion of Attack +15	cb8e852c
i	71035	Researcher's Elixir	42a545ef
i	71036	Scroll - Chief Orc	cab0b1e0
i	71037	Scroll - Leader	85b4a932
i	71038	Scroll - Queen Spider	1f34607b
i	71039	Scroll - Tortoise	9146db7e
i	71040	Scroll - Flame King	7e2cfa4c
i	71041	Scroll - Nine Tails	af6668d0
i	71042	Scroll - Demon King	f18a1cae
i	71043	Scroll - Tiger Ghost	f6cfb604
i	71044	Critical Strike	0544fd33
i	71045	Piercing Strike	695be5fd
i	71047	Spirit Stone Tincture	8c6ef086
i	71048	Modification Charm	56b1bdc4
i	71049	Silk Bundle	08319e89
i	71050	Potion of Speed	e76e784b
i	71051	Bewitch Item	42975b03
i	71052	Bless Item	8c67feaa
i	71054	Tincture of Kingdoms	656c07b3
i	71055	Tincture of the Name	f32f4798
i	71056	Tincture of Heaven	0f29d982
i	71057	Stone of Fossil Trunk O.	fe966824
i	71058	Stone of Copper Lode	e438f739
i	71059	Stone of Silver Lode	c66e7e1c
i	71060	Stone of Gold Lode	69c3dfc7
i	71061	Stone of Jade Lode	4c2cfef7
i	71062	Stone of Ebony Lode	cfeaf307
i	71063	Stone of Clams	ae41a75f
i	71064	Stone of White Gold Lode	550d9676
i	71065	Stone of Crystal Lode	6af3f582
i	71066	Stone of Amethyst Lode	05d64866
i	71067	Stone of Heaven's Ode	9b3893f3
i	71068	Feather of Lovers	ac03a4a7
i	71069	Earrings of Harmony	9620e1d0
i	71070	Love Bracelet	cc742024
i	71071	Earrings of Love	6a5d6593
i	71072	Harmony Bracelet	8a6b4629
i	71073	Necklace of Love	72afafb0
i	71074	Necklace of Harmony	fbe063cd
i	71075	Hair Dye (White)	10514121
i	71076	Hair Dye (Blonde)	05805056
i	71077	Hari Dye (Red)	a80a7000
i	71078	Hair Dye (Brown)	d30f5158
i	71079	Hair Dye (Black)	430c487c
i	71080	Metin Stone(L)	a3c29d73
i	71081	Metin Stone(N)	74c05bc5
i	71082	Metin Stone(H)	acf44338
i	71083	Stone Handbook	91a5fe6b
i	71084	Enchant Item	2a95d558
i	71085	Reinforce Item	af264144
i	71086	Level Up Quest(20~29)	284d3630
i	71087	Level Up Quest(30~39)	f2fd5f12
i	71088	Mission Book (Easy)	207e8c19
i	71089	Mission Book (Normal)	1879eb03
i	71090	Mission Book (Hard)	1fbf4ceb
i	71091	Tincture of Trade	8f66d009
i	71092	Polymorph Book	671aafa0
i	71093	Polymorph Marble	c7f0268b
i	71094	Concentrated Reading	95c4ada1
i	71095	Passage Ticket	4eb54d2e
i	71096	Passage Tablet	7f466c25
i	71099	Ring of Successor	ee321830
i	71100	Scroll of Lore Change	6ec17a8f
i	71101	Potion of Haste	b78d12a0
i	71103	Redistribution (VIT)	9a3855eb
i	71104	Redistribution (INT)	0552f988
i	71105	Redistribution (STR)	f83b2f30
i	71106	Redistribution (DEX)	5d2aac89
i	71107	Fruit of Life	ea9ab60e
i	71108	Pomegranate Juice	a240ff67
i	71109	Scroll of Correction	02cf9431
i	71110	Horse Sugar	b05ce4b7
i	71113	Glass of Insight	b26f1174
i	71114	Wild Boar Seal (yellow)	e7c4c90e
i	71115	Wild Boar Seal (blue)	c2b1f746
i	71116	Wolf Seal (yellow)	46b86ca7
i	71117	Wolf Seal (blue)	4cae7c67
i	71118	Tiger Seal (yellow)	6782deea
i	71119	Tiger Seal (blue)	ef9c55ca
i	71120	Lion Seal (yellow)	925d5c37
i	71121	Lion Seal (blue)	af46fbf0
i	71123	Dragon Scales	1b37c587
i	71124	White Lion	22a39907
i	71125	Wild Battle Boar Seal	a8a1d091
i	71126	Fight Wolf Seal	0c604ff8
i	71127	Storm Tiger Seal	06f6f38a
i	71128	Battle Lion Seal	10cb64dd
i	71129	Dragon Claw	0f396918
i	71130	Passage Ticket	4eb54d2e
i	71131	Black Horse Seal	bce0d43f
i	71132	Black Horse Seal	bce0d43f
i	71133	Black Horse Seal	bce0d43f
i	71134	Black Horse Seal	bce0d43f
i	71135	Crescent Moon Ring	74e29c2e
i	71136	Lolly	512c4a5b
i	71137	Royal Tiger Seal (blue)	b6d6833e
i	71138	Royal Tiger Seal (red)	aecfa7aa
i	71139	Royal Tiger Seal (gold)	b8c562bc
i	71140	Royal Tiger Seal (green)	23160121
i	71141	Royal Tiger Seal (grey)	635a8f66
i	71142	Royal Tiger Seal (white)	c98dacb5
i	71143	Ring of Joy	42990f39
i	71144	Christmas Chest	42491fb8
i	71145	Amulet of Eternal Love	7a03ae9e
i	71146	Cupid's Chest (pink)	76bc054c
i	71147	Cupid's Chest (blue)	f65fa897
i	71148	Ring of Will Power	79f9da18
i	71149	Ring of Deadly Power	ee7f3eae
i	71150	Magic Egg	f8194f8b
i	71151	Green Magic	70246417
i	71152	Green Strength	ce3a7189
i	71153	Potion of Wisdom	e03645da
i	71154	Potion of Ascension (3h)	71d1644f
i	71155	Potion of Wisdom (3h)	23e36c38
i	71156	Potion of Spirit (3h)	630f484e
i	71157	Crystal Goblet	46e58a21
i	71158	Hero's Medal	77b16062
i	71159	Milon's Chest	246fbd40
i	71160	Athena's Chest	d73715db
i	71161	Equus Porphyreus	fd36b0a4
i	71164	Comet Seal	6245958c
i	71165	Polar Predator Seal	fb1906ea
i	71166	Armoured Panda Seal	1761ce35
i	71171	Unicorn Seal	fc15b000
i	71172	Nightmare Seal	9df95a12
i	71201	Exorcism Scroll	b6eeee98
i	71282	Flaw Extractor	370e7e12
i	71284	Enchant Item	2a95d558
i	71285	Reinforce Item	af264144
i	71294	Concentrated Reading	95c4ada1
i	72001	Experience Ring	b7c64167
i	72002	Experience Ring	b7c64167
i	72003	Experience Ring	b7c64167
i	72004	Thief's Gloves	2eff54fc
i	72005	Thief's Gloves	2eff54fc
i	72006	Thief's Gloves	2eff54fc
i	72007	Silk Bundle	08319e89
i	72008	Silk Bundle	08319e89
i	72009	Silk Bundle	08319e89
i	72010	Lovebird Feather	ac03a4a7
i	72011	Lovebird Feather	ac03a4a7
i	72012	Lovebird Feather	ac03a4a7
i	72013	Fishing Book	6f9d02dc
i	72014	Fishing Book	6f9d02dc
i	72015	Fishing Book	6f9d02dc
i	72016	Third Hand	74c6970f
i	72017	Third Hand	74c6970f
i	72018	Third Hand	74c6970f
i	72019	Storage Chest	ddf2fc98
i	72020	Storage Chest	ddf2fc98
i	72021	Storage Chest	ddf2fc98
i	72022	Lucky Gold Coin	06733f79
i	72023	Lucky Gold Coin	06733f79
i	72024	Lucky Gold Coin	06733f79
i	72025	Critical Strike	695be5fd
i	72026	Critical Strike	0544fd33
i	72027	Critical Strike	0544fd33
i	72028	Emotion Mask	d48c8889
i	72029	Emotion Mask	d48c8889
i	72030	Emotion Mask	d48c8889
i	72031	Dragon God Attack	e5297e49
i	72032	Dragon God Attack	e5297e49
i	72033	Dragon God Attack	e5297e49
i	72034	Dragon God Defence	b3fe062f
i	72035	Dragon God Defence	b3fe062f
i	72036	Dragon God Defence	b3fe062f
i	72037	Dragon God Life	a74905ed
i	72038	Dragon God Life	a74905ed
i	72039	Dragon God Life	a74905ed
i	72040	Dragon God Intelligence	e7de6ad9
i	72041	Dragon God Intelligence	e7de6ad9
i	72042	Dragon God Intelligence	e7de6ad9
i	72043	Book of the Leader	e0167ff3
i	72044	Book of the Leader	e0167ff3
i	72045	Book of the Leader	e0167ff3
i	72046	Critical Chance	0544fd33
i	72047	Criticial Chance	0544fd33
i	72048	Critical Chance	0544fd33
i	72049	Ring of Experience	b7c64167
i	72050	Ring of Experience	b7c64167
i	72101	Experience Ring	b7c64167
i	72102	Experience Ring	b7c64167
i	72111	Thief's Glove	2eff54fc
i	72112	Thief's Glove	2eff54fc
i	72121	Lucky Coin	d92f42fa
i	72122	Lucky Coin	d92f42fa
i	72131	Third Hand	74c6970f
i	72132	Third Hand	74c6970f
i	72141	Fishing Book	6f9d02dc
i	72142	Fishing Book	6f9d02dc
i	72151	Premium Shop	8464d049
i	72161	Glass of Insight	b26f1174
i	72199	Triumph Pass	ab10f9fc
i	72308	Magic Copper Ore	ac537d7b
i	72501	Experience Ring (iCafe)	b15c56d2
i	72502	Thief's Glove (iCafe)	ab64974e
i	72701	Wind Shoes	ca6dd551
i	72702	Wind Shoes	ca6dd551
i	72703	Tiger Bone Earring	fddf448d
i	72704	Dragon Bone Earring	1821d9f9
i	72705	Tiger Bone Bracelet	1e7b5cbe
i	72706	Dragon Bone Bracelet	a45f0226
i	72709	Tiger Bone Earring	fddf448d
i	72710	Dragon Bone Earring	1821d9f9
i	72711	Tiger Bone Bracelet	1e7b5cbe
i	72712	Dragon Bone Bracelet	a45f0226
i	72723	Sun Elixir (S)	4ae6071a
i	72724	Sun Elixir (M)	a7822a17
i	72725	Sun Elixir (L)	a6cf3e9f
i	72726	Sun Elixir (E)	1ef4cc60
i	72727	Moon Elixir (S)	87337561
i	72728	Moon Elixir (M)	ebd42224
i	72729	Moon Elixir (L)	8b4941fc
i	72730	Moon Elixir (E)	e35f92d3
i	72731	Sabah's Mask	0a6717c2
i	72732	Horsetail	ea798074
i	72733	Gale Glove	bfa09e09
i	72734	Turtle Poison	33b1c39b
i	72735	Sabah's Mask	0a6717c2
i	73001	Trendy Hairstyle (Red)	125f3691
i	73002	Trendy Hairstyle (Light)	3a4c77ab
i	73003	Trendy Hairstyle (Blue)	e44973de
i	73004	Trendy Hairstyle (Brown)	355e76ff
i	73005	Bandanna	ca2c4445
i	73006	Bandanna	ca2c4445
i	73007	Bandanna	ca2c4445
i	73008	Bandanna	ca2c4445
i	73009	Long Hair (Black)	84c2b24e
i	73010	Long Hair (Red)	f88a7ba5
i	73011	Long Hair (Brown)	c93a3ddb
i	73012	Long Hair (Green)	4139be94
i	73051	Trendy Hairstyle (Red)	20f3c36b
i	73052	Trendy Hairstyle (Light)	3a4c77ab
i	73053	Trendy Hairstyle (Blue)	e44973de
i	73054	Trendy Hairstyle (Brown)	1a415a56
i	73055	Headband (Brown)	8a0346a1
i	73056	Headband (Blonde)	034197ae
i	73057	Headband (Blue)	94fc1555
i	73058	Headband (Green)	b9aca937
i	73059	Long Hair (Black)	1b6c9e13
i	73060	Long Hair (Red)	010c5ef6
i	73061	Long Hair (Brown)	47eed976
i	73062	Long Hair (Green)	90bde0dd
i	73251	Ponytail (Brown)	af283cbc
i	73252	Ponytail (Green)	9d4fe513
i	73253	Ponytail (Blue)	f16a5591
i	73254	Ponytail (Light)	89c5454c
i	73255	Shoulder Length (Red)	f69d9961
i	73256	Shoulder Length (Brown)	130492ef
i	73257	Shoulder Length (Light)	69f0541d
i	73258	Shoulder Length (Purple)	6c4c954a
i	73259	Short Hair (Red)	f3c7c554
i	73260	Short Hair (Blue)	0c21e949
i	73261	Short Hair (Black)	02965a91
i	73262	Short Hair (Blonde)	6f03c07a
i	73301	Ponytail (Brown)	af283cbc
i	73302	Ponytail (Green)	898b6771
i	73303	Ponytail (Blue)	f16a5591
i	73304	Ponytail (Light)	89c5454c
i	73305	Shoulder Length (Red)	417e6431
i	73306	Shoulder Length (Brown)	77472e1f
i	73307	Shoulder Length (Light)	cb8c864b
i	73308	Shoulder Length (Purple)	681d155a
i	73309	Short Hair (Red)	47630463
i	73310	Short Hair (Blue)	d9d3f33c
i	73311	Short Hair (Black)	5ba4872c
i	73312	Short Hair (Blonde)	a71b661b
i	73501	Sporty Haircut (Light)	ce66d9ac
i	73502	Sporty Haircut (Brown)	5e9406a0
i	73503	Sporty Haircut (Blonde)	ef09223e
i	73504	Sporty Haircut (Green)	01138267
i	73505	Charisma Hair (White)	5feed14d
i	73506	Charisma Hair (Red)	55ad68b0
i	73507	Charisma Hair (Black)	78011815
i	73508	Charisma Hair (Purple)	64e26aea
i	73509	Long Plait (White)	5c0a2b01
i	73510	Long Plait (Blue)	90edfc91
i	73511	Long Plait (Black)	f37dd789
i	73512	Long Plait (Brown)	4eabe3bc
i	73601	Sporty Haircut (Light)	ce66d9ac
i	73602	Sporty Haircut (Brown)	5e9406a0
i	73603	Sporty Haircut (Blonde)	ef09223e
i	73604	Sporty Haircut (Green)	01138267
i	73605	Charisma Style (White)	ea7f82ea
i	73606	Charisma Style (Red)	f88a7ba5
i	73607	Charisma Style (Black)	84c2b24e
i	73608	Charisma Style (Purple)	0d48178e
i	73609	Long Plait (White)	cf1ee869
i	73610	Long Plait (Blue)	8bb2ccbd
i	73611	Long Plait (Black)	94dea745
i	73612	Long Plait (Brown)	7b82d8f8
i	73751	Elegant Hairstyle(Brown)	fb1921c6
i	73752	Elegant Hairstyle(black)	105a2d83
i	73753	Elegant Hairstyle (Blue)	39e274bf
i	73754	Elegant Hairstyle(Light)	aaf59047
i	73755	Med. Length Hair (Brown)	48cd46bb
i	73756	Med. Length Hair (Black)	84c2b24e
i	73757	Med.Length Hair (Blonde)	c08a6831
i	73758	Med.Length Hair (Purple)	0d48178e
i	73759	Old Hairstyle (Brown)	b1cce3ef
i	73760	Old Hairstyle (Light)	5c2d4d9b
i	73761	Old Hairstyle (Purple)	0b14e64a
i	73762	Old Hairstyle (Red)	ebf51c61
i	73801	Smart Hairstyle (Brown)	0d908d90
i	73802	Smart Hairstyle (Black)	e366548d
i	73803	Smart Hairstyle (Blue)	0471b7b5
i	73804	Smart Hairstyle (Light)	05aa335c
i	73805	Med.Length Hair (Brown)	b3c53796
i	73806	Med.Length Hair (Black)	16834031
i	73807	Med.Length Hair (Blonde)	c08a6831
i	73808	Med.Length Hair (Purple)	0d48178e
i	73809	Old Hairstyle (Brown)	b1cce3ef
i	73810	Old Hairstyle (Light)	5c2d4d9b
i	73811	Old Hairstyle (Purple)	0b14e64a
i	73812	Old Hairstyle (Red)	ebf51c61
i	74001	Trendy Hairstyle (Red)	31c5c2a7
i	74002	Trendy Hairstyle (Light)	42c8bbbd
i	74003	Trendy Hairstyle (Blue)	6b866648
i	74004	Trendy Hairstyle (Brown)	5d44e285
i	74005	Headband (Red)	417e6431
i	74006	Headband (Brown plaid)	4ea90717
i	74007	Headband (Blue)	b75a657e
i	74008	Headband (Green plaid)	3c520978
i	74009	Long Hair (Black)	16834031
i	74010	Long Hair (Red)	f88a7ba5
i	74011	Long Hair (Brown)	b3c53796
i	74012	Long Hair (Green)	4139be94
i	74013	Warrior Afro (Male)	e08cf29a
i	74014	Warrior Afro (Male)	e08cf29a
i	74015	Warrior Samurai Helm (M)	cea9bb89
i	74016	Warrior Samurai Helm (M)	cea9bb89
i	74017	Warrior Fez (M)	293d5205
i	74018	Warrior Keffiyeh (M)	68fa4e56
i	74019	Warrior Turban (M)	38dc25aa
i	74020	Jack O' Warrior (m)	ed2ada44
i	74251	Ponytail (Brown)	af283cbc
i	74252	Ponytail (Green)	9d4fe513
i	74253	Ponytail (Blue)	f5183dae
i	74254	Ponytail (Light)	b1735a89
i	74255	Shoulder Length (Red)	923112c1
i	74256	Shoulder Length (Brown)	cef3d64f
i	74257	Shoulder Length (Light)	7f6ee1ef
i	74258	Shoulder Length (Purple)	3f411bdd
i	74259	Short Hair (Red)	f3c7c554
i	74260	Short Hair (Blue)	3155d0b4
i	74261	Short Hair (Black)	e5695212
i	74262	Short Hair (Blonde)	ee437cad
i	74263	Ninja Afro (Female)	f316c77d
i	74264	Ninja Afro (Female)	f316c77d
i	74265	Ninja Flower Hat (F)	3f9b29c4
i	74266	Ninja Flower Hat (F)	3f9b29c4
i	74267	Ninja Headscarf (F)	1bfc5dcc
i	74268	Ninja Desert Scarf (F)	be6761c9
i	74269	Ninja Turban (F)	0dfdc68d
i	74270	Jack O' Ninja (f)	cbaae652
i	74501	Sporty Hairstyle (White)	399fda8c
i	74502	Sporty Hairstyle (Brown)	df8682cd
i	74503	Sporty Hairstyle(Blonde)	c75ba342
i	74504	Sporty Hairstyle (Green)	874d5d8e
i	74505	Charisma Hair (White)	5feed14d
i	74506	Charisma Hair (Red)	55ad68b0
i	74507	Charisma Hair (Black)	78011815
i	74508	Charisma Hair (Purple)	c7fbd1a5
i	74509	Long Plait (White)	5c0a2b01
i	74510	Long Plait (Blue)	eb0d5b87
i	74511	Long Plait (Black)	f37dd789
i	74512	Long Plait (Brown)	4eabe3bc
i	74513	Sura Afro (Male)	a47ba144
i	74514	Sura Afro (Male)	a47ba144
i	74515	Sura Samurai Helmet (M)	3243d1f9
i	74516	Sura Samurai Helmet (M)	3243d1f9
i	74517	Sura Fez (M)	8fd1dbc5
i	74518	Sura Keffiyeh (M)	840bdb60
i	74519	Sura Turban (M)	1fdf6194
i	74520	Jack O' Sura (m)	0cd61949
i	74751	Elegant Hairstyle(Brown)	fb1921c6
i	74752	Elegant Hairstyle(Black)	105a2d83
i	74753	Elegant Hairstyle (Blue)	b2aa2995
i	74754	Elegant Hairstyle(Light)	aaf59047
i	74755	Med.Length Hair (Brown)	8b80ed58
i	74756	Med. Length Hair (Black)	a31363a5
i	74757	Med.Length Hair (Blonde)	bdf1ec56
i	74758	Med.Length Hair (Purple)	38adc6b7
i	74759	Old Hairstyle (Brown)	c93a3ddb
i	74760	Old Hairstyle (Blonde)	08b8a51d
i	74761	Old Hairstyle (Purple)	afe6ad2e
i	74762	Old Hairstyle (Red)	f88a7ba5
i	74763	Shaman Afro (Female)	860f3917
i	74764	Shaman Afro (Female)	860f3917
i	74765	Shaman Flower Hat (F)	945a5a84
i	74766	Shaman Flower Hat (F)	945a5a84
i	74767	Shaman Headscarf (F)	54e2315c
i	74768	Shaman Desert Scarf (F)	ab3ed76b
i	74769	Shaman Turban (F)	c866e387
i	74770	Jack O' Shaman (f)	ac0c9c0e
i	75001	Trendy Hairstyle (Red)	20f3c36b
i	75002	Trendy Hairstyle (Light)	3a4c77ab
i	75003	Trendy Hairstyle (Blue)	e44973de
i	75004	Trendy Hairstyle (Brown)	1a415a56
i	75005	Headband (Brown)	8a0346a1
i	75006	Headband (Blonde)	034197ae
i	75007	Headband (Blue)	94fc1555
i	75008	Headband (Green)	b9aca937
i	75009	Long Hair (Black)	1b6c9e13
i	75010	Long Hair (Red)	010c5ef6
i	75011	Long Hair (Brown)	47eed976
i	75012	Long Hair (Green)	90bde0dd
i	75013	Warrior Afro (Female)	7e58df47
i	75014	Warrior Afro (Female)	7e58df47
i	75015	Warrior Flower Hat (F)	4524994e
i	75016	Warrior Flower Hat (F)	4524994e
i	75017	Warrior Headscarf (F)	7f097830
i	75018	Warrior Desert Scarf (F)	48ecd551
i	75019	Warrior Turban (F)	581fabf7
i	75020	Jack O' Warrior (f)	091bfbce
i	75201	Ponytail (Brown)	af283cbc
i	75202	Ponytail (Green)	898b6771
i	75203	Ponytail (Blue)	f16a5591
i	75204	Ponytail (Light)	89c5454c
i	75205	Shoulder Length (Red)	417e6431
i	75206	Shoulder Length (Brown)	77472e1f
i	75207	Shoulder Length (Light)	cb8c864b
i	75208	Shoulder Length (Purple)	681d155a
i	75209	Short Hair (Red)	47630463
i	75210	Short Hair (Blue)	d9d3f33c
i	75211	Short Hair (Black)	5ba4872c
i	75212	Short Hair (Blonde)	a71b661b
i	75213	Ninja Afro (Male)	ef1b3e5f
i	75214	Ninja Afro (Male)	ef1b3e5f
i	75215	Ninja Samurai Helmet (M)	cfaa4a30
i	75216	Ninja Samurai Helmet (M)	cfaa4a30
i	75217	Ninja Fez (M)	7dd3942c
i	75218	Ninja Keffiyeh (M)	d01ed52b
i	75219	Ninja Turban (M)	8a0306ef
i	75220	Jack O' Ninja (m)	3fa58cc0
i	75401	Sporty Hairstyle (Light)	ce66d9ac
i	75402	Sporty Hairstyle (Brown)	5e9406a0
i	75403	Sporty Hairstyle(Blonde)	ef09223e
i	75404	Sporty Hairstyle (Green)	01138267
i	75405	Charisma Style (White)	ea7f82ea
i	75406	Charisma Style (Red)	f88a7ba5
i	75407	Charisma Style (Black)	84c2b24e
i	75408	Charisma Style (Purple)	0d48178e
i	75409	Long Plait (White)	cf1ee869
i	75410	Long Plait (Blue)	8bb2ccbd
i	75411	Long Plait (Black)	94dea745
i	75412	Long Plait (Brown)	7b82d8f8
i	75413	Sura Afro (Female)	c06cc2ce
i	75414	Sura Afro (Female)	c06cc2ce
i	75415	Sura Flower Hat (F)	858695cd
i	75416	Sura Flower Hat (F)	858695cd
i	75417	Sura Headscarf (F)	17d41745
i	75418	Sura Desert Scarf (F)	b80886aa
i	75419	Sura Turban (F)	7bd0e7de
i	75420	Jack O' Sura (f)	e8c6d613
i	75601	Smart Hairstyle (Brown)	0d908d90
i	75602	Smart Hairstyle (Black)	e366548d
i	75603	Smart Hairstyle (Blue)	0471b7b5
i	75604	Smart Hairstyle (Light)	05aa335c
i	75605	Med. Length Hair (Brown)	b3c53796
i	75606	Med. Length Hair (Black)	16834031
i	75607	Med.Length Hair (Blonde)	c08a6831
i	75608	Med.Length Hair (Purple)	0d48178e
i	75609	Old Hairstyle (Brown)	b1cce3ef
i	75610	Old Hairstyle (Light)	5c2d4d9b
i	75611	Old Hairstyle (Purple)	0b14e64a
i	75612	Old Hairstyle (Red)	ebf51c61
i	75613	Shaman Afro (M)	bd65a312
i	75614	Shaman Afro (M)	bd65a312
i	75615	Shaman Samurai Helm (M)	456d20c9
i	75616	Shaman Samurai Helm (M)	456d20c9
i	75617	Shaman Fez (M)	5ce4a47d
i	75618	Shaman Keffiyeh (M)	a10af1b6
i	75619	Shaman Turban (M)	3dff9562
i	75620	Jack O' Shaman (m)	901b7a84
i	76000	Peach Flower Wine	1c6310f9
i	76001	Status Reset Document	af87eef0
i	76002	Shrunken Head	ee45a6d4
i	76003	Potion of Haste	b78d12a0
i	76004	Moon Elixir (S)	87337561
i	76005	Moon Elixir (M)	ebd42224
i	76006	Compass for Metin Stones	7874c73f
i	76007	Bravery Cape	0c2a394b
i	76008	Medal of the Dragon	ce5b8371
i	76010	Blood Stone	2d6e9c1a
i	76011	Book of the Leader	e0167ff3
i	76012	Potion of Speed	e76e784b
i	76013	Reinforce Item (b)	c2ac397a
i	76014	Enchant Item (b)	40c03288
i	76015	Blessing Marble	d13513a5
i	76017	Potion of Attack +10	c88e8073
i	76018	Potion of Attack +15	cb8e852c
i	76019	Passage Ticket	4eb54d2e
i	76020	Researcher's Elixir	42a545ef
i	76021	Sun Elixir (S)	4ae6071a
i	76022	Sun Elixir (M)	a7822a17
i	76023	Green Magic	70246417
i	76024	Green Strength	ce3a7189
i	80001	Money Pouch	2fc41b61
i	80002	Blank Paper	e690fbee
i	80003	Silver Bar (50,000 Yang)	ceadc5c3
i	80004	Silver Bar(100,000 Yang)	e8d82983
i	80005	Gold Bar (500,000 Yang)	ab8dc0d2
i	80006	Gold Bar (1Million Yang)	5311835b
i	80007	Gold Bar (2Million Yang)	3f77f17c
i	80008	Lump of Gold	7ea96e5b
i	80014	DR Voucher (100)	31eb0734
i	80015	DR Voucher (500)	209af2c0
i	80016	DR Voucher (1000)	35c316e2
i	80017	DR Voucher (50)	8a4bec3e
i	80018	DR Voucher (250)	16ed6170
i	90001	Empty Water Bottle	bf45f759
i	90002	Water Bottle	e76e7baa
i	90003	Crystal	49a5307a
i	90004	Gem	9bc8e7e2
i	90005	Water Stone	67cc293a
i	90006	Spirit Stone	229ad364
i	90007	Mineral	1452c8cc
i	90010	Foundation Stone	681a0d96
i	90011	Trunk	f1abd82c
i	90012	Plywood	5fe8e320
i	100000	Time Elixir (S)	8e69018c
i	100001	Time Elixir (M)	2b058949
i	100002	Time Elixir (L)	8a5334f1
i	100100	Dragon Tongs	983dcb9f
i	100200	Tongs of Time	6d82c0d0
i	100300	Green Dragon Bean	3e44ec12
i	100400	Blue Dragon Bean	cbce96db
i	100500	Pink Dragon Bean	40bdf035
i	110000	Rough Dragon Diamond	4ec1f56b
i	110100	Rough Dragon Diamond	4ec1f56b
i	110200	Rough Dragon Diamond	4ec1f56b
i	110300	Rough Dragon Diamond	4ec1f56b
i	110400	Rough Dragon Diamond	4ec1f56b
i	111000	Cut Dragon Diamond	81b24780
i	111100	Cut Dragon Diamond	81b24780
i	111200	Cut Dragon Diamond	81b24780
i	111300	Cut Dragon Diamond	81b24780
i	111400	Cut Dragon Diamond	81b24780
i	112000	Rare Dragon Diamond	057baf65
i	112100	Rare Dragon Diamond	057baf65
i	112200	Rare Dragon Diamond	057baf65
i	112300	Rare Dragon Diamond	057baf65
i	112400	Rare Dragon Diamond	057baf65
i	113000	Antique Dragon Diamond	f0f2a13a
i	113100	Antique Dragon Diamond	f0f2a13a
i	113200	Antique Dragon Diamond	f0f2a13a
i	113300	Antique Dragon Diamond	f0f2a13a
i	113400	Antique Dragon Diamond	f0f2a13a
i	114000	Legendary Dragon Diamond	8b570cd3
i	114100	Legendary Dragon Diamond	8b570cd3
i	114200	Legendary Dragon Diamond	8b570cd3
i	114300	Legendary Dragon Diamond	8b570cd3
i	114400	Legendary Dragon Diamond	8b570cd3
i	120000	Rough Dragon Ruby	16230657
i	120100	Rough Dragon Ruby	16230657
i	120200	Rough Dragon Ruby	16230657
i	120300	Rough Dragon Ruby	16230657
i	120400	Rough Dragon Ruby	16230657
i	121000	Cut Dragon Ruby	04b64e90
i	121100	Cut Dragon Ruby	04b64e90
i	121200	Cut Dragon Ruby	04b64e90
i	121300	Cut Dragon Ruby	04b64e90
i	121400	Cut Dragon Ruby	04b64e90
i	122000	Rare Dragon Ruby	77c2acc9
i	122100	Rare Dragon Ruby	77c2acc9
i	122200	Rare Dragon Ruby	77c2acc9
i	122300	Rare Dragon Ruby	77c2acc9
i	122400	Rare Dragon Ruby	77c2acc9
i	123000	Antique Dragon Ruby	69999fd2
i	123100	Antique Dragon Ruby	69999fd2
i	123200	Antique Dragon Ruby	69999fd2
i	123300	Antique Dragon Ruby	69999fd2
i	123400	Antique Dragon Ruby	69999fd2
i	124000	Legendary Dragon Ruby	261abfe7
i	124100	Legendary Dragon Ruby	261abfe7
i	124200	Legendary Dragon Ruby	261abfe7
i	124300	Legendary Dragon Ruby	261abfe7
i	124400	Legendary Dragon Ruby	261abfe7
i	130000	Rough Dragon Jade	f5529d5c
i	130100	Rough Dragon Jade	f5529d5c
i	130200	Rough Dragon Jade	f5529d5c
i	130300	Rough Dragon Jade	f5529d5c
i	130400	Rough Dragon Jade	f5529d5c
i	131000	Cut Dragon Jade	a0381f99
i	131100	Cut Dragon Jade	a0381f99
i	131200	Cut Dragon Jade	a0381f99
i	131300	Cut Dragon Jade	a0381f99
i	131400	Cut Dragon Jade	a0381f99
i	132000	Rare Dragon Jade	3f635032
i	132100	Rare Dragon Jade	3f635032
i	132200	Rare Dragon Jade	3f635032
i	132300	Rare Dragon Jade	3f635032
i	132400	Rare Dragon Jade	3f635032
i	133000	Antique Dragon Jade	86755dc7
i	133100	Antique Dragon Jade	86755dc7
i	133200	Antique Dragon Jade	86755dc7
i	133300	Antique Dragon Jade	86755dc7
i	133400	Antique Dragon Jade	86755dc7
i	134000	Legendary Dragon Jade	8f956e6c
i	134100	Legendary Dragon Jade	8f956e6c
i	134200	Legendary Dragon Jade	8f956e6c
i	134300	Legendary Dragon Jade	8f956e6c
i	134400	Legendary Dragon Jade	8f956e6c
i	140000	Rough Dragon Sapphire	67777dd6
i	140100	Rough Dragon Sapphire	67777dd6
i	140200	Rough Dragon Sapphire	67777dd6
i	140300	Rough Dragon Sapphire	67777dd6
i	140400	Rough Dragon Sapphire	67777dd6
i	141000	Cut Dragon Sapphire	68445bc7
i	141100	Cut Dragon Sapphire	68445bc7
i	141200	Cut Dragon Sapphire	68445bc7
i	141300	Cut Dragon Sapphire	68445bc7
i	141400	Cut Dragon Sapphire	68445bc7
i	142000	Rare Dragon Sapphire	e00f6fd8
i	142100	Rare Dragon Sapphire	e00f6fd8
i	142200	Rare Dragon Sapphire	e00f6fd8
i	142300	Rare Dragon Sapphire	e00f6fd8
i	142400	Rare Dragon Sapphire	e00f6fd8
i	143000	Antique Dragon Sapphire	24108971
i	143100	Antique Dragon Sapphire	24108971
i	143200	Antique Dragon Sapphire	24108971
i	143300	Antique Dragon Sapphire	24108971
i	143400	Antique Dragon Sapphire	24108971
i	144000	Legendary DragonSapphire	faca9466
i	144100	Legendary DragonSapphire	faca9466
i	144200	Legendary DragonSapphire	faca9466
i	144300	Legendary DragonSapphire	faca9466
i	144400	Legendary DragonSapphire	faca9466
i	150000	Rough Dragon Garnet	ea2a25b8
i	150100	Rough Dragon Garnet	ea2a25b8
i	150200	Rough Dragon Garnet	ea2a25b8
i	150300	Rough Dragon Garnet	ea2a25b8
i	150400	Rough Dragon Garnet	ea2a25b8
i	151000	Cut Dragon Garnet	736d63e5
i	151100	Cut Dragon Garnet	736d63e5
i	151200	Cut Dragon Garnet	736d63e5
i	151300	Cut Dragon Garnet	736d63e5
i	151400	Cut Dragon Garnet	736d63e5
i	152000	Rare Dragon Garnet	a49faede
i	152100	Rare Dragon Garnet	a49faede
i	152200	Rare Dragon Garnet	a49faede
i	152300	Rare Dragon Garnet	a49faede
i	152400	Rare Dragon Garnet	a49faede
i	153000	Antique Dragon Garnet	70665743
i	153100	Antique Dragon Garnet	70665743
i	153200	Antique Dragon Garnet	70665743
i	153300	Antique Dragon Garnet	70665743
i	153400	Antique Dragon Garnet	70665743
i	154000	Legendary Dragon Garnet	21036e28
i	154100	Legendary Dragon Garnet	21036e28
i	154200	Legendary Dragon Garnet	21036e28
i	154300	Legendary Dragon Garnet	21036e28
i	154400	Legendary Dragon Garnet	21036e28
i	160000	Rough Dragon Onyx	89356673
i	160100	Rough Dragon Onyx	89356673
i	160200	Rough Dragon Onyx	89356673
i	160300	Rough Dragon Onyx	89356673
i	160400	Rough Dragon Onyx	89356673
i	161000	Cut Dragon Onyx	8bc7b0b0
i	161100	Cut Dragon Onyx	8bc7b0b0
i	161200	Cut Dragon Onyx	8bc7b0b0
i	161300	Cut Dragon Onyx	8bc7b0b0
i	161400	Cut Dragon Onyx	8bc7b0b0
i	162000	Rare Dragon Onyx	6d938a69
i	162100	Rare Dragon Onyx	6d938a69
i	162200	Rare Dragon Onyx	6d938a69
i	162300	Rare Dragon Onyx	6d938a69
i	162400	Rare Dragon Onyx	6d938a69
i	163000	Antique Dragon Onyx	290d3026
i	163100	Antique Dragon Onyx	290d3026
i	163200	Antique Dragon Onyx	290d3026
i	163300	Antique Dragon Onyx	290d3026
i	163400	Antique Dragon Onyx	290d3026
i	164000	Legendary Dragon Onyx	b3f32f43
i	164100	Legendary Dragon Onyx	b3f32f43
i	164200	Legendary Dragon Onyx	b3f32f43
i	164300	Legendary Dragon Onyx	b3f32f43
i	164400	Legendary Dragon Onyx	b3f32f43
m	101	Wild Dog	030864b5
m	102	Wolf	893caea8
m	103	Alpha Wolf	12b0d60e
m	104	Blue Wolf	204ed07c
m	105	Alpha Blue Wolf	f20f73da
m	106	Grey Wolf	55ab7df3
m	107	Alpha Grey Wolf	a1bf5adb
m	108	Wild Boar	71f07717
m	109	Red Wild Boar	de28b994
m	110	Bear	edb07ed4
m	111	Grizzly Bear	ac278bac
m	112	Black Bear	31f0f68b
m	113	Brown Bear	3a394c9c
m	114	Tiger	6aaffe4f
m	115	White Tiger	30f6b34f
m	131	Cursed Wolf	335513d7
m	132	Cursed Alpha Wolf	49480eb7
m	133	Cursed Blue Wolf	0120106f
m	134	Cursed Alpha Blue Wolf	380877f0
m	135	Cursed Grey Wolf	ef13297c
m	136	Cursed Alpha Grey Wolf	8be703b1
m	137	Cursed Wild Boar	00908974
m	138	Cursed Red Wild Boar	a0d213a9
m	139	Cursed Bear	652418ca
m	140	Cursed Grizzly Bear	5115d66a
m	141	Cursed Black Bear	edd3d90a
m	142	Cursed Brown Bear	13b16321
m	143	Cursed Tiger	0544b41c
m	144	Cursed White Tiger	b2d04e68
m	151	Cung-Mok	94eb8752
m	152	Mu-Rang	f92f825c
m	153	Jug-Hyul	e5bfeeda
m	154	Young-Ji	d039284b
m	155	Li-An	1d1c5eba
m	171	Hungry Stray Dog	b9d08dfc
m	172	Hungry Wolf	13d777ea
m	173	Hungry Alpha Wolf	3d078880
m	174	Hungry Blue Wolf	b3a8ea8a
m	175	Hungry Alpha Blue Wolf	090424e0
m	176	Hungry Grey Wolf	eb1ab831
m	177	Hungry Alpha Grey Wolf	bb07b6e1
m	178	Hungry Wild Boar	83084c51
m	179	Hungry Red Boar	76b40516
m	180	Hungry Bear	64e36269
m	181	Hungry Grizzly	69e5993a
m	182	Hungry Black Bear	ff950c59
m	183	Hungry Brown Bear	c45f7642
m	184	Hungry Tiger	14753755
m	185	Hungry White Tiger	b87fac6d
m	191	Lykos	011e3ed1
m	192	Scrofa	46cdceb5
m	193	Bera	0a5cebd5
m	194	Tigris	ede23a8f
m	301	White Oath Soldier	5ff23eb7
m	302	White Oath Archer	acbc7e07
m	303	White Oath General	fe5aac6f
m	304	White Oath Commander	5e506c85
m	331	White Oath Soldier	5ff23eb7
m	332	White Oath Archer	acbc7e07
m	333	White Oath General	fe5aac6f
m	334	White Oath Commander	5e506c85
m	351	Craven White Oath Sold.	c43b13b7
m	352	Craven White Oath Archer	2290de41
m	353	Craven White Oath Gen.	63fb57a5
m	354	Craven Wh. Oath Com.	0afa25c8
m	391	Mi-Jung	dbcfc7dc
m	392	Eun-Jung	c1b7e3cc
m	393	Se-Rang	bfb4a1ba
m	394	Jin-Hee	99c6f2fd
m	395	Dispirited Mi-Jung	90649b46
m	396	Dispirited Eun-Jung	cc398656
m	397	Dispirited Se-Rang	ca85fb50
m	398	Dispirited Jin-Hee	bc96ec3b
m	401	Black Wind Soldier	53844c6a
m	402	Black Wind Maniac	e797dfd9
m	403	Black Wind Archer	18146461
m	404	Black Wind Jak-To	e510e1f2
m	405	Black Wind To-Su	e8c23a20
m	406	Black Wind Gu-Ryung	0a57cd9c
m	431	Black Storm Soldier	ae55b47e
m	432	Black Storm Maniac	3909bf48
m	433	Black Storm Archer	b5dd1f70
m	434	Black Storm Joh-Hwan	4c6c107b
m	435	Black Storm Kyuk-Jang	6a6cb549
m	436	Black Storm Pho-Hwan	b7f2798f
m	451	Evil Bl. Storm Soldier	967105e9
m	452	Evil Bl. Storm Maniac	979e4fab
m	453	Evil Bl. Storm Archer	c6032ee1
m	454	Evil Bl. Storm Joh-Hwan	821f7eb2
m	455	Evil Bl. Storm Kyuk-Jang	c55031cd
m	456	Evil Bl. Storm Pho-Hwa	3fef7c26
m	491	Mahon	0649e794
m	492	Bo	41dd915e
m	493	Goo-Pae	43d76b37
m	494	Chuong	21f1bef1
m	501	Savage Infantryman	a632772c
m	502	Savage Minion	998c875f
m	503	Savage Archer	609d968f
m	504	Savage General	57ff2507
m	505	Stray Savage	7efbab17
m	531	Bestial Soldier	ee2a7da4
m	532	Bestial Maniac	4b8a0862
m	533	Bestial Archer	1a1c0e65
m	534	Bestial Specialist	80830cd6
m	551	Strong Savage Infantry	d8b0c561
m	552	Strong Savage Minion	03c243b6
m	553	Strong Savage Archer	f2853b4a
m	554	Strong Savage General	988eefae
m	591	Bestial Captain	6bdfb4ed
m	595	Bestial Geum-Chul	f79a8d1c
m	601	Orc	0aa89add
m	602	Orc Scout	6ef91644
m	603	Orc Fighter	cfa4e20b
m	604	Orc Sorcerer	a1823c40
m	631	Elite Orc	c0ad8a47
m	632	Elite Orc Scout	a98198ba
m	633	Elite Orc Fighter	8a60c67d
m	634	Elite Orc Sorcerer	f13ef946
m	635	Elite Orc General	68f74762
m	636	Black Orc	9f940340
m	637	Black Orc Giant	025be40d
m	651	Bold Big Orc	ee70455c
m	652	Bold Big Orc Scout	4559fa79
m	653	Bold Big Orc Fighter	d6a942d8
m	654	Bold Big Orc Sorcerer	770f9c1f
m	655	Bold Big Orc General	6ede9d31
m	656	Bold Black Orc	779a7576
m	657	Bold Black Giant Orc	cee743f4
m	681	Thunderclap	fd6aabaa
m	691	Chief Orc	20092dbd
m	692	Chief Elite Orc	80ab21bf
m	693	Reborn Chief Ork	a9c83ceb
m	701	Dark Fanatic	7c13f3e1
m	702	Dark Arahan	b810faee
m	703	Esoteric Arahan Fighter	2dfacb18
m	704	Chief Esoteric Arahan	bc1a6be0
m	705	Esoteric Executioner	3a9c5f93
m	706	Dark Tormentor	6b1bea5a
m	707	Dark Summoner	0c01ded0
m	731	Proud Dark Fanatic	9ccb3aff
m	732	Proud Dark Arahan	2fa2ecf4
m	733	Proud Dark Fighter	01e29711
m	734	Proud Dark Colonel	1b7ba4ed
m	735	Proud Dark Rifleman	2b7aa561
m	736	Elite Esoteric Tormentor	ac6c27cc
m	737	Elite Esoteric Summoner	bedc331e
m	751	High Fanatic	2aca665b
m	752	High Arahan	283e71c8
m	753	High Arahan Fighter	9069edb2
m	754	High Elite Arahan	62d8835a
m	755	High Deathsman	21a84f3d
m	756	High Tormentor	4e321d40
m	757	High Evocator	2daea135
m	771	Bestial Fanatic	7df8400f
m	772	Bestial Arahan	41e5e204
m	773	Bestial Arahan Fighter	52ee93e6
m	774	Bestial Chief Arahan	e6ec2caa
m	775	Bestial Deathsman	8bb5db89
m	776	Bestial Tormentor	c140cfdc
m	777	Bestial Evocator	e562e231
m	781	Esoteric Bladesman	43cbc2b4
m	782	Chung-Hee, Keeper of Hwang	da9424a5
m	791	Dark Leader	c3d00139
m	792	Dark-Ghost Leader	f54c555d
m	793	Elite Dark Leader	141902d7
m	794	Elite Dark-Ghost Leader	d334db91
m	795	Elite Fighter	e7a635b3
m	796	Elite Esoteric Fighter	01e29711
m	901	Dead Body Ghost	507bde36
m	902	Plagued Dog	99e11611
m	903	Plagued Man	1311ed49
m	904	Plagued Swordman	ecf6ade8
m	905	Plagued Spearman	56c5c72e
m	906	Plagued Archer	f570239b
m	907	Plagued Leader	b6c31264
m	931	Angry Dead Body Ghost	70ec6c34
m	932	Angry Plagued Dog	e5132a73
m	933	Angry Plagued Man	6748b627
m	934	Angry Plagued Fighter	bade943e
m	935	Angry Plagued Spearman	236224c8
m	936	Angry Plagued Archer	9725d729
m	937	Angry Plagued Leader	90a48552
m	991	Plagued Egg	cb7f4ea8
m	992	Plague Carrier	3f11d310
m	993	Giant Plague Carrier	3ff5a89a
m	1001	Demon Soldier	1c109491
m	1002	Demon Archer	932ef649
m	1003	Demon Spearman	30f40728
m	1004	Demon Shaman	fc93d294
m	1031	Vile Demon Soldier	ee9dce40
m	1032	Vile Demon Archer	0fe1e226
m	1033	Vile Demon Spearman	966a0089
m	1034	Vile Demon Shaman	2108ecbd
m	1035	Ghost of Grudge	78a21e34
m	1036	Ghost of Chaos	b62c7b38
m	1037	Vile Demon Leader	1444a3f3
m	1038	Skull Sword Master	61439173
m	1039	Flying Skull	fe039909
m	1040	Immortal Ghost	52bef8a6
m	1041	Demonic Beast	fedb6bb5
m	1061	Brutal Demon Soldier	f7c18400
m	1062	Brutal Demon Archer	0272a966
m	1063	Brutal Demonspearman	0e7132c9
m	1064	Brutal Demon Shaman	3921067d
m	1065	Brutal Ghost of Grudge	18b77eab
m	1066	Brutal Ghost of Chaos	73165e93
m	1067	Brutal Demon Leader	ac5d8733
m	1068	Ghost Sword Master	3d799476
m	1069	Brutal Flying Skull	debaff91
m	1070	Immortal Ghost	52bef8a6
m	1071	Demonic Beast	fedb6bb5
m	1091	Demon King	14f379b2
m	1092	Proud Demon King	976150d0
m	1093	Death Reaper	49540bc9
m	1094	Elite Vile Demon King	affb88f5
m	1095	Blue Death	8a44ccc7
m	1101	Enchanted Ice	2b151571
m	1102	Ice Killer Whale	faa4f7b9
m	1103	Ice Bug	b4e5647a
m	1104	Ice Lion	aff58f81
m	1105	Frosty Ice Man	5d6a9806
m	1106	Yeti	2c92e3d4
m	1107	Ice Golem	8ef83a1d
m	1131	Underworld Ice Splinters	5abd38eb
m	1132	Underwrld IceKillerWhale	4e4ec572
m	1133	Underworld Ice Bug	fb31a9a5
m	1134	Underworld Ice Lion	dae13a06
m	1135	Underworld Ice Man	a5840aa8
m	1136	Underworld Yeti	2d1e4053
m	1137	Underworld Ice Golem	40772412
m	1151	Ice Devil	9bf2cff3
m	1152	Icehorn Killer Whale	4b15a225
m	1153	Ice Bug	b4e5647a
m	1154	Seol-Gu	2de39985
m	1155	Ice Man	3807836c
m	1156	Ice Giant	2ca4a185
m	1157	Ice Golem	8ef83a1d
m	1171	Mean Enchanted Ice	2a604c9a
m	1172	Mean Ice Killer Whale	91c64f8e
m	1173	Mean Ice Bug	e4627f9b
m	1174	Mean Ice Lion	86fe5828
m	1175	Mean Ice Man	b4cc1c43
m	1176	Mean Yeti	78e4f609
m	1177	Mean Ice Golem	7397e148
m	1181	Mountain Behemoth	2b8fdfc2
m	1182	Songmin, the Arctic Yeti	8b59ec44
m	1191	Ice Witch	d64b19cd
m	1192	Mighty Ice Witch	5c3d316a
m	1301	Tree Frog Soldier	fa322284
m	1302	Tree Frog Leader	887428c7
m	1303	Leflet Bogeyman	657a315d
m	1304	Yellow Tiger Ghost	6e9fd3a8
m	1305	Bullfrog General	0c5be7a6
m	1306	Elite Yellow Tiger Ghost	fe584673
m	1307	Elite Yellow Tiger Ghost	fe584673
m	1331	Big Tree Frog Soldier	4e0c2f87
m	1332	Big Tree Frog Leader	8c33fd9a
m	1333	Big Bogeyman	53137bb2
m	1334	Big Yellow Tiger Ghost	951c8ed4
m	1335	Evil Bullfrog General	7eaafa08
m	1401	Destroyer	c0be7416
m	1402	Axe Fighter	b17c4153
m	1403	Thousand Fighter	9d384830
m	1491	Chegal, Shadow Goliath	afb845bc
m	1501	Stone Golem	f417291b
m	1502	Stone Golem	e378af79
m	1503	Giant Rock Golem	f9824975
m	1601	Ogre Warrior	e877c1e1
m	1602	Ogre Butcher	94df85c5
m	1603	Ogre Berserk	7b167bb9
m	1901	Nine Tails	68cb92b2
m	1902	Elite Nine Tails	6ab652a0
m	1903	Elite Nine Tails	6ab652a0
m	2001	Baby Spider	af07609a
m	2002	Poison Spider	f8081034
m	2003	Red Poison Spider	f792b0e9
m	2004	Claw Spider	213a1e8e
m	2005	Soldier Spider	0f4b16f9
m	2031	Baby Poison Spider	f7ce04ba
m	2032	Deadly Poison Spider	afdcef07
m	2033	Red Angry Poison Spider	7fabd5ee
m	2034	Claw Poison Spider	b0f1ba5e
m	2035	Soldier Poison Spider	655bbd45
m	2036	Proud Soldier Spider	b4d39c58
m	2051	Mean Baby Poison Spider	345a1034
m	2052	Mean Dead. Poison Spider	0cfbe115
m	2053	Mean Red Poison Spider	189bf2dd
m	2054	Mean Claw Poison Spider	ddb8580e
m	2055	Mean Sold. Poison Spider	aa2f5909
m	2061	Small Poison Spider	e86b4c30
m	2062	Deadly Poison Spider	afdcef07
m	2063	Red Deadly Poison Spider	e2350191
m	2064	Claw Poison Spider	b0f1ba5e
m	2065	Soldier Poison Spider	655bbd45
m	2071	Best. Baby Poison Spider	21bf93e3
m	2072	Best. Deadly Pois. Spider	03d8bb80
m	2073	Best. Red Poison Spider	5bf65c56
m	2074	Best. Claw Poison Spider	1bd6226f
m	2075	Best. Sold. Pois. Spider	2954a17e
m	2076	Best. Strg. Poison Spider	19c8bed8
m	2091	Queen Spider	4dd5d8dd
m	2092	Spider Baroness	ea6f7171
m	2093	Dark Queen Spider	979eecb7
m	2094	Spider Baron	5b3e31fa
m	2095	Spider Egg	88baa594
m	2101	Desert Fox	307c28c7
m	2102	Deserts Flying Eye	225a48ca
m	2103	King Scorpion	1343f9d0
m	2104	Young Scorpion Man	d16472b9
m	2105	Scorpion Archer	5bab10a1
m	2106	Snake Swordsman	9255f3dc
m	2107	Snake Archer	e0822d1f
m	2108	Desert Outlaw	42550b96
m	2131	Bestial Scorpion Man	cc3354db
m	2132	Scorpion Archer	5bab10a1
m	2133	Snake Swordman	9255f3dc
m	2134	Snake Archer	e0822d1f
m	2135	Desert Outlaw	42550b96
m	2151	Strong Desert Fox	85d9d120
m	2152	Strong Dervish	39c0cc40
m	2153	Strong Scorpion King	eb0ee64d
m	2154	Strong Scorpion Man	9060f906
m	2155	Strong Scorpion Archer	c5e74892
m	2156	Strong Snake Swordman	e5750275
m	2157	Strong Snake Archer	da8afb30
m	2158	Strong Desert Outlaw	4ac1718d
m	2181	Sand Tarantula	5a4177d4
m	2182	Desert Emir	d3ccebc0
m	2191	Giant Tortoise	67b4134f
m	2192	Dark Giant Tortoise	3eafa3d5
m	2201	Fighting Tiger Minion	06853ae0
m	2202	Flame Ghost	5473904c
m	2203	Fighting Tiger	b47e2949
m	2204	Flame	f9213885
m	2205	Flame Warrior	c3e95fa0
m	2206	Flame King	f09c7eaa
m	2207	Dark Flame King	e8f3d038
m	2231	Strong Fight Tiger Slave	7e096e44
m	2232	Strong Flame Ghost	a34e5b4f
m	2233	Strong Fighting Tiger	4b71101c
m	2234	Strong Flame Ghost	53e2ea84
m	2235	Strong Flame Warrior	2eaddff3
m	2281	Infernal Soul Devourer	8742163c
m	2282	Flaming Executioner	9db057d3
m	2291	Red Dragon	c8510a2e
m	2301	Ghost Tree	c7da5704
m	2302	Ghost Stump	7189b607
m	2303	Dryad	18bb392e
m	2304	Ghost Willow	a3cf1e23
m	2305	Evil Tree	a4dc592a
m	2306	Giant Ghost Tree	d1ce02fe
m	2307	Ghost Tree Lord	2a347030
m	2311	Red Ghost Tree	cff643b5
m	2312	Red Ghost Stump	a045642e
m	2313	Red Dryad	85a1835f
m	2314	Red Ghost Willow	d5391a68
m	2315	Red Evil Tree	dbdd6373
m	2316	Strong Red Ghost Tree	1afb8296
m	2317	Strong Red Ghost Willow	609066c8
m	2381	Naara, Forest Guardian	7f0e9be0
m	2382	Dae-Ho, Spirit of the Wild	e76e44c3
m	2401	Setaou Fighter	5d2a12bc
m	2402	Setaou Hunter	c376be5b
m	2403	Setaou Mystic	825635e7
m	2404	Setaou Leader	2d385938
m	2411	Setaou Soldier	da84f5eb
m	2412	Setaou Archer	03852dfd
m	2413	Setaou Magistrate	77cc9a36
m	2414	Setaou Commander	266b9e8f
m	2491	Captain Yonghan	5141fc1c
m	2492	General Yonghan	8313d33c
m	2493	Beran-Setaou	31fdd887
m	2494	Captain Huashin	44ada9cc
m	2495	General Huashin	3e7dfeec
m	2501	Jellyfish of Hell	ced8d4fb
m	2502	Hell Hound	2cd9f714
m	2503	Zombie	835720ff
m	2504	Hell Officer	11c6de9d
m	2505	Hell Guard	824eac0c
m	2506	Double-head Hell Archer	fbd4b188
m	2507	Infernal Claw	3f0553cf
m	2508	Hell Warrior	3732418f
m	2509	Hell Archer	4194bd95
m	2510	Hell Spearman	979f0213
m	2511	Hell Priest	cc885701
m	2512	Hell Major	8888cff8
m	2513	Hell Slaughterer	6fac58df
m	2514	Hell General	7f1a0b24
m	2541	Evil Hell Warrior	01b9f701
m	2542	Evil Hell Archer	b9c0336b
m	2543	Evil Hell Spearman	51bbcf2d
m	2544	Evil Hell Priest	87afdc9b
m	2545	Evil Hell Major	9ca63706
m	2546	Evil Hell Slaughterer	8e864d25
m	2547	Evil Hell General	33594426
m	2591	Tartaros	76437ecb
m	2592	Hell Bastard	98fa5116
m	2593	Hell Bastard	98fa5116
m	2594	Hell Bastard	98fa5116
m	2595	Erebos	a16ee251
m	2596	Azrael's Spawn	de08b488
m	2597	Charon	027d81e8
m	2598	Azrael	8eadcb7a
m	3001	Gnoll Warrior	fa2f5553
m	3002	Gnoll Archer	0e87c1c0
m	3003	Gnoll Defender	a3e69a10
m	3004	Gnoll Magician	778878c6
m	3005	Gnoll General	a1b6dca8
m	3090	Gnoll Lord	eff2877c
m	3091	Supreme Gnoll Guard	8d68b7dd
m	3101	One-eyed Slugger	dff50fe9
m	3102	Cyclops Soldier	74ec003e
m	3103	Cyclops Magician	9b039d52
m	3104	Cyclops Executioner	2ffdb06d
m	3105	General Outis	2f564d9e
m	3190	Arges	0308782f
m	3191	Polyphemos	cc9729ed
m	3201	Manticore Warrior	56849f49
m	3202	Manticore Soldier	ff56509c
m	3203	Manticore Magus	19f58b60
m	3204	Manticore Executioner	4d4ca653
m	3205	General Cor	7e96aa4e
m	3290	Rakshasa	061b7718
m	3291	Martyaxwar	61f4e0fd
m	3301	Lemures Warrior	39444ac2
m	3302	Lemures Soldier	c2e59073
m	3303	Lemures Magician	e59f5b39
m	3304	Lemures Executioner	79373bee
m	3305	Lemures General	60bb28f3
m	3390	Lemures Prince	afda9ea1
m	3391	Lemures Bodyguard	3c451a55
m	3401	Tritonic Moray	c48414c3
m	3402	Shark Soldier	190e360d
m	3403	Tritonic Magician	5823f57c
m	3404	Tritonic Hunter	70a28020
m	3405	Tritonic Slasher	62363830
m	3490	General Kappa	7edecd89
m	3491	Triton	0b956e07
m	3501	Red Thief Amazon	c6e5fb7c
m	3502	Red Thief Assassin	a94ab157
m	3503	Red Thief Magician	57196a87
m	3504	Red Thief Executioner	68704ff4
m	3505	Black General	dff39c6f
m	3551	Brutal Red Thief Amazon	f1535669
m	3552	Brut. Red Thief Assassin	db0d6956
m	3553	Brut. Red Thief Magician	9682cd6c
m	3554	Brut.RedThiefExecutioner	42e9be77
m	3555	White General	43b09bc2
m	3590	Bone Face	ea4d5a48
m	3591	Red Chief	2d62f8a0
m	3595	Brutal Bone Face	81f58c99
m	3596	Brutal Red Chief	ad3ba7a7
m	3601	Crab Warrior	e1941d41
m	3602	Scorpion Marksman	c6a0ec4e
m	3603	Shrimp Soldier	3dea3093
m	3604	Diabolical Hermit	387de00c
m	3605	Armoured Crab	fe27728f
m	3690	General Lobster	ac45436b
m	3691	King Crab	7ac6d2d8
m	3701	Gigantic Biter	f5749f70
m	3702	Gigantic Slaughterer	bb75a71c
m	3703	Gigantic Magus	d10fda54
m	3704	Twiant	5565c931
m	3705	Captain Hooks	7e26a200
m	3790	Gargoyle	6d002749
m	3791	King Wubba	fdf7d57e
m	3801	Hangork	cc5ae3e5
m	3802	Archie Ogre	9a80957c
m	3803	Brawl Ogre	549731dd
m	3804	Ogre Magus	07568ce2
m	3805	General Ogg	b1395879
m	3890	Captain Shruk	63d679ab
m	3891	The Great Ogre	aa91e55b
m	3901	Willowman	0363a7d0
m	3902	Eoten	48144dec
m	3903	Skouman	606a4e75
m	3904	Captain Hooks	7e26a200
m	3905	Mu-Shu	bfb4a1ba
m	3906	Yah-Ki	99c6f2fd
m	3907	Moghu	57196a87
m	3908	Carnifex	42e9be77
m	3909	General Albus	43b09bc2
m	3910	Skeletos	ea4d5a48
m	3911	Aku-Boku	c8f6345c
m	3912	Arboretum	e0dc4102
m	3913	Sycomore	84f20c2f
m	5001	Pirate Tanaka	caeb344d
m	5002	Hae-Tae	2bf15c6e
m	5003	Monkey	08e5005b
m	5004	Pirate Tanaka	caeb344d
m	5101	Weak Ape Soldier	f127e704
m	5102	Weak Ape Thrower	ce64fb6a
m	5103	Weak Ape Fighter	98e181e1
m	5104	Weak Ape General	20612486
m	5111	Apesoldier	1b24afbc
m	5112	Apethrower	49210002
m	5113	Apefighter	0ba1e5a9
m	5114	Apegeneral	52e9b4ae
m	5115	Stone Ape	d2f077f1
m	5116	Ape Leader	7044cf9c
m	5121	Strong Ape Soldier	a8d0b237
m	5122	Strong Ape Thrower	ca821a4f
m	5123	Strong Ape Fighter	008f647e
m	5124	Strong Ape General	19156fef
m	5125	Strong Stone Ape	80387416
m	5126	Strong Gold Ape	54469281
m	5127	Strong Leader Ape	769e87fd
m	5131	Clever small Apesoldier	96ab864c
m	5132	Clever small Apethrower	0c5e6292
m	5133	Clever small Apefighter	744e2cd9
m	5134	Clever small Apegeneral	dd3301fe
m	5141	Clever Apesoldier	1a8fcb1d
m	5142	Clever Apethrower	039b544d
m	5143	Clever Apefighter	4c5defe8
m	5144	Clever Apegeneral	fed27b61
m	5145	Clever Stoneape	d8a219f3
m	5146	Clever Apeleader	aac0c9ae
m	5151	Evil strong Apesoldier	9998d7e6
m	5152	Evil strong Apethrower	c8137ea9
m	5153	Evil strong Apefighter	a96ad2c7
m	5154	Evil strong Apegeneral	3e6dded5
m	5155	Evil strong Stoneape	7d2a8027
m	5156	Evil strong Goldape	b57a21f3
m	5157	Evil strong Apeleader	fba7475a
m	5161	Rock Ape	15e546f9
m	5162	Walking Ape	1a5b8b84
m	5163	Ape Lord	089429c3
m	6001	Ember Flame Ghost	2d43bfc0
m	6002	Ember Flame Tiger	fb24a2a8
m	6003	Ember Flame	654626f7
m	6004	Ember Flame Warrior	134b3bb9
m	6005	Ember Flame King	70121f66
m	6006	Ember Flame Golem	bbea78c7
m	6007	Ember Flame Beard	b7d22825
m	6008	Ember Flame General	1cf0017b
m	6009	Ember Flame Chieftain	80eb911a
m	6051	Ignitor	e3bfb9fd
m	6091	Razador	b63d6e8e
m	6101	Frost Crystal	b5e13423
m	6102	Frost Bug	786f5c6b
m	6103	Frost Man	b276a729
m	6104	Frost Yeti	f3ed51c6
m	6105	Frost Golem	4d549dbd
m	6106	Frost Troll	faa9fcca
m	6107	Frost Beard	1db5fd6b
m	6108	Frost General	8ca9179d
m	6109	Frost Lord	d6b611a4
m	6151	Szel	3b1b1ba1
m	6191	Nemere	6e48aabf
m	7001	Apesoldier	272b0bca
m	7002	Aperider	8498f7f8
m	7003	Gimu Apesoldier	50aa2bf4
m	7004	Ape Commander	04aacebe
m	7005	Stone Ape	1332b31b
m	7006	Gold Ape	304a8a69
m	7007	Ape General	1e28a53b
m	7008	Tu-Gui Worker	2ee52af0
m	7009	Tu-Gui Soldier Tester	360afd1d
m	7010	Tu-Gui White Commander	d51af033
m	7012	Bi-Ma-Gui-An	f6db16e1
m	7013	Scorpion King	1343f9d0
m	7014	Smart Scorpion Man	90bf85cc
m	7015	Scorpion Archer	5bab10a1
m	7016	Snake Swordfighter	1465ef85
m	7017	Snake Archer	e0822d1f
m	7018	Desert Outlaw	42550b96
m	7019	Tu-Ji Soldier	d2be39eb
m	7020	Hwa-ryung	af987789
m	7021	Tu-Ji Bum	596559f0
m	7022	Cham-Ma	8ed6bb0d
m	7023	Teawha-Mu	855b371e
m	7024	Juk-gui	160a7e7f
m	7025	Dung-Juk	8c09072a
m	7026	Juk-Mok	5b05eb0d
m	7027	Hwaryu Juk	54b2bc83
m	7028	Black Juk-Guimok	4ff10b2f
m	8001	Metin of Sorrow	1aa56843
m	8002	Metin of Combat	6bf2986a
m	8003	Metin of Battle	6c974b19
m	8004	Metin of Greed	7cc44455
m	8005	Metin of Black	075a09ad
m	8006	Metin of Darkness	200e9335
m	8007	Metin of Jealousy	e8a6e78e
m	8008	Metin of Soul	47469a67
m	8009	Metin of Shadow	bd4f88f3
m	8010	Metin of Toughness	92f24e9b
m	8011	Metin of Devil	8770d7ee
m	8012	Metin of Fall	93992796
m	8013	Metin of Death	5f3a5977
m	8014	Metin of Murder	78fae298
m	8015	Metin of Toughness	92f24e9b
m	8016	Metin of Devil	8770d7ee
m	8017	Metin of Fall	93992796
m	8018	Metin of Death	5f3a5977
m	8019	Metin of Murder	78fae298
m	8020	Shinsoo Rock	38acbe1e
m	8021	Jinno Rock	a2e6b643
m	8022	Chunjo Rock	c0213c58
m	8023	Emperor Rock	9c174257
m	8024	Metin Pung-Ma	84ec5dab
m	8025	Metin Ma-An	bd546c0c
m	8026	Metin Tu-Young	f9bf3064
m	8027	Metin Jeon-Un	63daa856
m	8028	Metin of Whispers	3a9d0f8c
m	8031	Metin of the Mountain	c5284685
m	8032	Metin of Vengeance	ccbde5b4
m	8033	Metin of Solitude	cc98f723
m	8034	Metin of Arrogance	49e67261
m	8035	Metin of Redemption	c325e314
m	8036	Metin of Treason	12d64776
m	8037	Metin of Resentment	443045ca
m	8038	Metin of Retribution	d3fc5a36
m	8039	Metin of Pride	49e67261
m	8040	Metin of Malevolence	ac0ecd71
m	8041	Easter Metin	35f86278
m	8042	Easter Metin	35f86278
m	8043	Easter Metin	35f86278
m	8044	Easter Metin	35f86278
m	8045	Easter Metin	35f86278
m	8046	Easter Metin	35f86278
m	8047	Easter Metin	35f86278
m	8048	Easter Metin	35f86278
m	8049	Easter Metin	35f86278
m	8050	Easter Metin	35f86278
m	8051	Metin of Gloom	2cbb8112
m	8052	Metin of Ember	790c86ab
m	8053	Metin of Vanity	60c78c57
m	8054	Metin of Wrath	43a29ba9
m	8055	Metin of Calamity	fc1e9853
m	8056	Metin of Malice	e7668ae1
m	8057	Purgatory Fire Metin	5355c70d
m	8101	Metin of Sorrow	1aa56843
m	8102	Metin of Combat	6bf2986a
m	8103	Metin of Battle	6c974b19
m	8104	Metin of Greed	7cc44455
m	8105	Metin of Black	075a09ad
m	8106	Metin of Darkness	200e9335
m	8107	Metin of Jealousy	e8a6e78e
m	8108	Metin of Soul	47469a67
m	8109	Metin of Shadow	bd4f88f3
m	8110	Metin of Toughness	92f24e9b
m	8111	Metin of Devil	8770d7ee
m	8112	Metin of Fall	93992796
m	8113	Metin of Death	5f3a5977
m	8114	Metin of Murder	78fae298
m	8501	Wild Dog	030864b5
m	8502	Wild Boar	71f07717
m	8503	Bear	edb07ed4
m	8504	White Tiger	30f6b34f
m	8505	Black Giant Orc	2ffb5443
m	8506	Tree Frog Leader	887428c7
m	8507	Desert Outlaw	42550b96
m	8508	Esoteric Tormentor	6b1bea5a
m	8509	Esoteric Summoner	0c01ded0
m	8510	Flame Warrior	c3e95fa0
m	8511	Ice Golem	8ef83a1d
m	9001	Weapon Shop Dealer	b0282ec6
m	9002	Armour Shop Dealer	3a99ab4d
m	9003	General Store Saleswoman	e6a28a98
m	9004	Event Helper	c6cc1026
m	9005	Storekeeper	553e8ae7
m	9006	Old Lady	1214aa17
m	9007	Weapon Shop Dealer	b0282ec6
m	9008	Armour Shop Dealer	3a99ab4d
m	9009	Fisherman	edf15466
m	9010	General Store	687ee473
m	9011	Wedding Planner	eb495b9e
m	9012	Teleporter	de72c5e9
m	9013	Event Helper	c6cc1026
m	10001	Yayang_Area 4002 8995	8b73b7ef
m	10002	Yongan_Area 4503 9050	ef119038
m	10003	Bokjung_Area 1118 2161	e93dd6f6
m	10004	Joan_Area 876 2131	1a59f94f
m	10005	Bakra_Area 9064 2214	d0746966
m	10006	Pyungmoo_Area 9372 2188	166e44c2
m	10007	Yongan_Area 4188 9560	f44561ff
m	10008	Yayang_Area 3179 8332	c0f9e2e8
m	10009	Joan_Area 897 1127	e3079b30
m	10010	Bokjung_Area 1759 2210	931d1e69
m	10011	Pyungmoo_Area 9343 3143	0e45db6e
m	10012	Bakra_Area 8348 2926	a943b2e8
m	10013	Hwang_Temple 5536 1441	b52f6a6f
m	10014	Seungryong 3326 7468	8e69cb6b
m	10015	Yongbi_Desert 3467 6329	0517a92e
m	10016	Kuahlo_Dong 600 4960	8651fe03
m	10017	Hwang_Temple 5906 1102	9ca9bba4
m	10018	Gumsan_Tower 2165 7270	45e81a14
m	10019	Yayang_Area 3211 9009	03654c13
m	10020	Jungrang 1356 43	31d1fbed
m	10021	Bokjung_Area 1168 2920	051d6b71
m	10022	Waryong 2219 93	398f526c
m	10023	Bakra_Area 9098 2948	4938cf9b
m	10024	Imha 2718 130	c3bb6726
m	10025	Mount_Sohan 4993 2984	44bf5364
m	10026	Lungsam 2887 57	96cedf41
m	10027	Lungsam 2866 437	af270d54
m	10028	Red_Forest 11199 708	f91b3ebb
m	10029	Snakefield 10590 7262	7decb3a9
m	10030	Yongbi_Desert 3519 6223	777bdf31
m	10031	Snakefield 10590 7262	7decb3a9
m	10032	Land_of_Giants 8283 7635	64ce81bf
m	10033	Zin-Grotto 10594 7525	fe76d22c
m	10034	2_Zin-Grotto 10594 7525	5ac14ebd
m	10035	Deon-Zeon 917 5253	5960ef0c
m	10036	2_Deon-Zeon 7041 4642	0018b7eb
m	10067	MonkeyDungeon 7752 4477	baafaaec
m	10068	Yayang_Area 4062 8756	a330aa8e
m	10069	MonkeyDungeon 8520 4477	8d7c4f68
m	10070	Bokjung_Area 1611 2130	ad62dd16
m	10071	MonkeyDungeon 9288 4477	cf162b12
m	10072	Bakra_Area 8727 2100	53f514b9
m	10073	Yongbi_Desert 3061 6202	13078294
m	10074	MonkeyDungeon 1352 6532	93335ad4
m	10075	Yongbi_Desert 2879 5407	c8f01752
m	10076	MonkeyDungeon 1352 7300	5dd29e0e
m	10093	Dragon_Gate 1731 12205	6d4f5c94
m	10094	Dragon_Gate 1733 13743	89b9b93a
m	10095	Dragon_Gate 1728 15277	abdf0cdc
m	10096	Dragon_Gate 1724 16824	0e172c61
m	10099	Cape 11043 17885	f21a9f93
m	10100	Cape 10963 16744	4768eb38
m	10101	Nephrite 10869 16558	1cb5f937
m	10102	Cape 11664 16779	a9a278d5
m	10103	Thunder 11345 16546	52d57924
m	10104	Thunder 11921 16550	d21afa16
m	10105	Gautama 12263 16811	46e274b6
m	11000	Guardian	d0559c53
m	11001	Battle Bailiff	c87628a3
m	11002	Guardian	d0559c53
m	11003	Battle Bailiff	c87628a3
m	11004	Guardian	d0559c53
m	11005	Battle Bailiff	c87628a3
m	11100	Guardian	d0559c53
m	11101	Battle Bailiff	c87628a3
m	11102	Guardian	d0559c53
m	11103	Battle Bailiff	c87628a3
m	11104	Guardian	d0559c53
m	11105	Battle Bailiff	c87628a3
m	11505	Gold Frog	aa236799
m	12000	Campfire	7f4fe5f4
m	13000	Wooden Gate	8bb44ff5
m	13001	Stone Gate	d5d5dc78
m	14000	Workshop	362e0021
m	14001	Workshop	362e0021
m	14002	Workshop	362e0021
m	14003	Workshop	362e0021
m	14004	Workshop	362e0021
m	14005	Workshop	362e0021
m	14006	Workshop	362e0021
m	14007	Workshop	362e0021
m	14008	Workshop	362e0021
m	14009	Workshop	362e0021
m	14010	Altar	c244cc1c
m	14011	Altar	c244cc1c
m	14012	Altar	c244cc1c
m	14013	Altar	c244cc1c
m	14014	Altar	c244cc1c
m	14015	Altar	c244cc1c
m	14016	Altar	c244cc1c
m	14017	Altar	c244cc1c
m	14018	Altar	c244cc1c
m	14019	Altar	c244cc1c
m	14020	Headquarters	fc9f0b43
m	14021	Headquarters	fc9f0b43
m	14022	Headquarters	fc9f0b43
m	14023	Headquarters	fc9f0b43
m	14024	Headquarters	fc9f0b43
m	14025	Headquarters	fc9f0b43
m	14026	Headquarters	fc9f0b43
m	14027	Headquarters	fc9f0b43
m	14028	Headquarters	fc9f0b43
m	14029	Headquarters	fc9f0b43
m	14030	Training Camp	fe281ee3
m	14031	Training Camp	fe281ee3
m	14032	Training Camp	fe281ee3
m	14033	Training Camp	fe281ee3
m	14034	Training Camp	fe281ee3
m	14035	Training Camp	fe281ee3
m	14036	Training Camp	fe281ee3
m	14037	Training Camp	fe281ee3
m	14038	Training Camp	fe281ee3
m	14039	Training Camp	fe281ee3
m	14040	Furnace	83ab2b02
m	14041	Furnace	83ab2b02
m	14042	Furnace	83ab2b02
m	14043	Furnace	83ab2b02
m	14044	Furnace	83ab2b02
m	14045	Furnace	83ab2b02
m	14046	Furnace	83ab2b02
m	14047	Furnace	83ab2b02
m	14048	Furnace	83ab2b02
m	14049	Furnace	83ab2b02
m	20001	Alchemist	e9423ee5
m	20002	Aranyo	df28a479
m	20003	Ah-Yu	c17536d1
m	20004	Beggar	25ee5161
m	20005	Yonah	12359714
m	20006	Mirine	2e3ab96f
m	20007	Storekeeper	9b259c49
m	20008	Octavio	a9fd37a2
m	20009	Old Man	c7aa9c61
m	20010	Peddler	261b9795
m	20011	Uriel	d3055b4c
m	20012	Yu-Rang	f830ecd8
m	20013	Fisherman	edf15466
m	20014	Taurean	4927c4fb
m	20015	Deokbae	24f48494
m	20016	Blacksmith	298d3cb5
m	20017	Yu-Hwan	85c9fe48
m	20018	Baek-Go	b26faecd
m	20019	Yang-Shin	755db8c7
m	20020	Traitor Balso	afc48679
m	20021	Ariyoung	c667c52f
m	20022	Huahn-So	12334fe4
m	20023	Soon	6888da12
m	20024	Harang	2c672210
m	20026	Ji-Ryu	dc64ff01
m	20027	Gillian	55336f4b
m	20028	Mirine Brother	e7b4b55e
m	20029	Pony	20c17046
m	20030	Horse	59020d8a
m	20031	Santa Claus	8fb0e502
m	20032	Christmas Tree	480afffa
m	20033	Christmas Tree	480afffa
m	20034	Christmas Tree	480afffa
m	20035	Flag	54230822
m	20036	Flag	54230822
m	20037	Flag	54230822
m	20040	Land Agent	74d16bcc
m	20041	Shabby Pedestrian	ad088060
m	20042	Peddler	608bebe8
m	20044	Weaponsmith, Stanley	1fd09a41
m	20045	Armoursmith, Stanton	26517c18
m	20046	Acc. Designer, Starbuck	63f28d98
m	20047	Vein Of Diamond Ore	5409efea
m	20048	Vein Of Amber Ore	83be2943
m	20049	Vein Of Fossil Trunk Ore	3131a485
m	20050	Vein Of Copper Ore	e260832d
m	20051	Vein Of Silver Ore	a2b29ed0
m	20052	Vein Of Gold Ore	13e5bc1e
m	20053	Vein Of Jade Ore	7097271b
m	20054	Vein Of Ebony Ore	30c4d333
m	20055	Pile Of Clams	b3cf104a
m	20056	Vein Of White Gold Ore	8b529894
m	20057	Vein Of Crystal Ore	0d0bf46b
m	20058	Vein Of Amethyst Ore	62588dc3
m	20059	Heaven's Tear Vein	57c4391a
m	20060	Diamond Alchemist	43b9ff86
m	20061	Amber Alchemist	5191f239
m	20062	Fossil Wood Alch.	6c67b5f2
m	20063	Copper Alchemist	8f0542b1
m	20064	Silver Alchemist	100e939e
m	20065	Gold Alchemist	5fff0b3e
m	20066	Jade Alchemist	ba4077f9
m	20067	Ebony Alchemist	69b3ee20
m	20068	Pearl Alchemist	390fbf60
m	20069	White Gold Alch.	bf8cad08
m	20070	Crystal Alchemist	ea4108b1
m	20071	Amethyst Alchemist	6d2fd635
m	20072	Heaven's Tear Alch.	a378272b
m	20073	Ancient Seal	d4e80dd8
m	20074	Demon Tower Weaponsmith	3b83ca1a
m	20075	Demon Tower Armorsmith	1e45ad16
m	20076	Demon Tower Jeweler	ba9b5f9a
m	20077	Altar Guard	bcd73dda
m	20078	Altar Guard	bcd73dda
m	20079	Altar Guard	bcd73dda
m	20080	Training Leader	f4014c3f
m	20081	Stolen Gangway Seal	396a9da3
m	20082	Master	8deb1ae0
m	20083	Jegal-Tunseok	69d65078
m	20084	Biologist Chaegirab	1d6dae37
m	20085	Jimjunja	88fea379
m	20086	Handu-Up	57b0393b
m	20087	Wonda-Rim	cfd9234d
m	20088	Chuk-Sal	034184a3
m	20089	Pung-Ho	9f7f79ad
m	20090	Heuk-Young	a9755427
m	20091	Seon-Pyeong	640dcf2b
m	20092	Hwa-Hee	6bca3464
m	20093	Koe-Pung	28baa161
m	20094	Hong-Hae	2c5f27dc
m	20095	Seon-Hae	9916b803
m	20097	Castle Gate	5949535a
m	20098	Castle Gate	5949535a
m	20099	Castle Gate	5949535a
m	20101	White Horse	c9b00c8a
m	20102	Brown Horse	948e92b5
m	20103	Black Horse	4b3fccc2
m	20104	White Horse	c9b00c8a
m	20105	Brown Horse	948e92b5
m	20106	Black Horse	4b3fccc2
m	20107	White Horse	c9b00c8a
m	20108	Brown Horse	948e92b5
m	20109	Black Horse	4b3fccc2
m	20110	Wild Boar	71f07717
m	20111	Wolf	893caea8
m	20112	Tiger	6aaffe4f
m	20113	Lion	b1f59a07
m	20114	white lion	fe0cca14
m	20115	Wild Battle Boar	91b9bbe5
m	20116	Fight Wolf	c6fb6e46
m	20117	Storm Tiger	8b5c67c4
m	20118	Battle Lion	1bd75c6a
m	20126	Santa Claus	8fb0e502
m	20219	blackpony	5da19af4
m	20300	Body-Force Teacher	605c51b6
m	20301	Mental-Fight Teacher	9806463e
m	20302	Blade-Fight Teacher	d653529a
m	20303	Archery Teacher	1389bac7
m	20304	Weaponry Teacher	92fad979
m	20305	Black Magic Teacher	c3954278
m	20306	Dragon Force Teacher	4a84c82c
m	20307	Healing Force Teacher	0e9d6710
m	20320	Body-Force Teacher	605c51b6
m	20321	Mental-Fight Teacher	9806463e
m	20322	Blade-Fight Teacher	d653529a
m	20323	Archery Teacher	1389bac7
m	20324	Weaponry Teacher	92fad979
m	20325	Black Magic Teacher	c3954278
m	20326	Dragon Force Teacher	4a84c82c
m	20327	Healing Force Teacher	0e9d6710
m	20340	Body-Force Teacher	605c51b6
m	20341	Mental-Fight Teacher	9806463e
m	20342	Blade-Fight Teacher	d653529a
m	20343	Archery Teacher	1389bac7
m	20344	Weaponry Teacher	92fad979
m	20345	Black Magic Teacher	c3954278
m	20346	Dragon Force Teacher	4a84c82c
m	20347	Healing Force Teacher	0e9d6710
m	20348	Demon Tower Guard	7824694c
m	20349	Stable Boy	b1a8ec6b
m	20350	Dungeon Guard	b5e7ff60
m	20351	Hall Guard	26bee11b
m	20352	Hasun Stone Memorial	5e1bf602
m	20353	Seul Rong Stone Memorial	14c94a26
m	20354	City Guard	8268480c
m	20355	Captain	03489a29
m	20356	Ginseng Collector	9d93af4b
m	20357	Weol Memorial	61f795b9
m	20358	Nameless Flowers	ee28d390
m	20359	Old Box with Papers	168a435d
m	20360	Wha Memorial	f53df1e1
m	20361	Su Memorial	cfe60735
m	20362	Mok Memorial	38a43261
m	20363	Gum Memorial	fd02e44c
m	20364	Nakajima	88207ceb
m	20365	To Memorial	c5dabe84
m	20366	Sa-Soe	b4047889
m	20367	Catacomb Guard	1b270122
m	20368	Peddler	261b9795
m	20369	Lee Chung	b304bbb8
m	20370	Poisoned Soldier	4bea717f
m	20371	Old Gravestone	17f08eb1
m	20372	Worn Stone Tablet	dbc5b51c
m	20373	Bodyguard	9c8ddca2
m	20374	Guard	24ff8eaa
m	20375	Wooden Barricade	67db388b
m	20376	Kim Rim	9c24b824
m	20377	Yak-Hwan	617b21d9
m	20378	Admiral Angmur	1bac0efc
m	20379	Injured Soldier	3cd051bc
m	20380	Yon-I-Walker	5fb7dc78
m	20381	Confucius	da28f2af
m	20382	Rock Flower	e0fe0c4b
m	20383	Jae-Seon Kim	0b12c470
m	20384	Christmas Tree	480afffa
m	20385	Am-heh Gorge	ecacc5ef
m	20386	Isfet Stele	22ee9151
m	20387	Destiny Lock	6fd22f88
m	20388	Dragon Gate	78215315
m	20390	Taramor Gravestone	17300c7b
m	20391	Sun Herb	51bdf968
m	20392	Dead Soldier	4b4daef5
m	20393	Wounded Soldier	1196c67b
m	20394	Fireland Guard	7108c27d
m	20395	Ice Land Guardian	b58f47dc
m	20401	Stray Savage	7efbab17
m	20402	Min-Sun	237ec888
m	20403	Nabira	93d3ce24
m	20404	Min-Sun	237ec888
m	20405	Red Forest Root	e828f5d3
m	20406	Samumu	7b6adec5
m	20407	Amal	dca9464e
m	20408	Friendly Monkey	31ea44f6
m	20409	Royal Archer	16016809
m	20410	Royal Archer	16016809
m	20411	Royal Archer	16016809
m	20602	Alpine Rose	400d1408
m	20606	Thistle	64a8ea81
m	20609	Amber Petal	f1d0127a
m	20610	Bellflower	c7ceb74b
m	20614	Gango Root	dbf671f6
m	20617	Lilac	0d712ce9
m	20619	Mulberry	8f6ab1e6
m	20620	Blossoming Peach	dd884768
m	20623	Cave Mushroom	efe95808
m	20624	Tue Fungus	e856cb4c
m	20628	Snowflower	8da460a0
m	20629	Night Star	374d72fe
m	20631	Pearl Panicles	2da38a0a
m	20632	Snake Root	e8bd2739
m	20641	Blossoming Kaki	ed18b5c9
m	20644	Dandelion	065b692f
m	20701	Loot Chest	11e083f2
m	20702	Loot Chest	11e083f2
m	20703	Loot Chest	11e083f2
m	20704	Loot Chest	11e083f2
m	20705	Loot Chest	11e083f2
m	20706	Loot Chest	11e083f2
m	20707	Loot Chest	11e083f2
m	20708	Loot Chest	11e083f2
m	20709	Loot Chest	11e083f2
m	20710	Loot Chest	11e083f2
m	20999	Test Keeper	61171a40
m	30101	Kud Statue	a2b9f314
m	30102	Basalt Obelisk	1df5ae5f
m	30103	Tortoise Rock	c0481936
m	30104	Rune Stake	c8cc0010
m	30111	1st Gate of Perdition	2c406128
m	30112	2nd Gate of Perdition	9ef3ad8d
m	30113	3rd Gate of Perdition	ee9162da
m	30114	4th Gate of Perdition	2335704f
m	30115	5th Gate of Perdition	e1e039ec
m	30116	6th Gate of Perdition	af4bcc21
m	30117	7th Gate of Perdition	1fda488e
m	30118	8th Gate of Perdition	39712533
m	30119	9th Gate of Perdition	1f792070
m	30120	Herb Bag	45614dc8
m	30121	Ghost of a Sura	56db3122
m	30122	Ghost of a Warrior	7c4817ba
m	30123	Dark Shrine	95fd50b8
m	30124	Sura-Skeleton 1	65ca4b31
m	30125	Sura-Skeleton 2	62ca4678
m	30126	Sura-Skeleton 3	63ca480b
m	30127	Sura-Skeleton 4	68ca4fea
m	30128	Sura-Skeleton 5	69ca517d
m	30129	Easter Bunny	09ae5c34
m	30130	Gravestone	5b50dd58
m	30301	Vein of Soul Crystal Ore	a9dc539a
m	30302	Vein of Ruby Ore	3471d996
m	30303	Vein of Garnet Ore	29717227
m	30304	Vein of Emerald Ore	c9d82f49
m	30305	Vein of Sapphire Ore	ddf225a9
m	33008	Jack Pumpkin	1218cbd2
m	33009	Soul Crystal Alchemist	67a47ed4
m	33010	Rubin Alchemist	a0bcafed
m	33011	Garnet Alchemist	1277a068
m	33012	Smaragd Alchemist	14aa1cc2
m	33013	Sapphire Alchemist	81127e5f
m	34001	phoenix1	bc16cfe7
m	34005	Porky	4113f89e
m	34006	Rufus	bd0f5f22
m	34007	Khan	bd14a9d1
m	34008	Leonidas	c01fb88a
m	34010	Bambi	07744c3e
